-- MySQL dump 10.13  Distrib 8.0.23, for Win64 (x86_64)
--
-- Host: localhost    Database: blogproject
-- ------------------------------------------------------
-- Server version	8.0.23

/*!40101 SET @OLD_CHARACTER_SET_CLIENT=@@CHARACTER_SET_CLIENT */;
/*!40101 SET @OLD_CHARACTER_SET_RESULTS=@@CHARACTER_SET_RESULTS */;
/*!40101 SET @OLD_COLLATION_CONNECTION=@@COLLATION_CONNECTION */;
/*!50503 SET NAMES utf8mb4 */;
/*!40103 SET @OLD_TIME_ZONE=@@TIME_ZONE */;
/*!40103 SET TIME_ZONE='+00:00' */;
/*!40014 SET @OLD_UNIQUE_CHECKS=@@UNIQUE_CHECKS, UNIQUE_CHECKS=0 */;
/*!40014 SET @OLD_FOREIGN_KEY_CHECKS=@@FOREIGN_KEY_CHECKS, FOREIGN_KEY_CHECKS=0 */;
/*!40101 SET @OLD_SQL_MODE=@@SQL_MODE, SQL_MODE='NO_AUTO_VALUE_ON_ZERO' */;
/*!40111 SET @OLD_SQL_NOTES=@@SQL_NOTES, SQL_NOTES=0 */;

--
-- Current Database: `blogproject`
--

CREATE DATABASE /*!32312 IF NOT EXISTS*/ `blogproject` /*!40100 DEFAULT CHARACTER SET utf8mb4 COLLATE utf8mb4_0900_ai_ci */ /*!80016 DEFAULT ENCRYPTION='N' */;

USE `blogproject`;

--
-- Table structure for table `article_likes`
--

DROP TABLE IF EXISTS `article_likes`;
/*!40101 SET @saved_cs_client     = @@character_set_client */;
/*!50503 SET character_set_client = utf8mb4 */;
CREATE TABLE `article_likes` (
  `like_id` int NOT NULL AUTO_INCREMENT,
  `article_id` int NOT NULL,
  `user_id` int NOT NULL,
  PRIMARY KEY (`like_id`),
  KEY `user_id` (`user_id`),
  KEY `article_id` (`article_id`),
  CONSTRAINT `article_likes_ibfk_2` FOREIGN KEY (`user_id`) REFERENCES `users` (`user_id`),
  CONSTRAINT `article_likes_ibfk_3` FOREIGN KEY (`article_id`) REFERENCES `articles` (`article_id`) ON DELETE CASCADE
) ENGINE=InnoDB AUTO_INCREMENT=220 DEFAULT CHARSET=utf8mb4 COLLATE=utf8mb4_0900_ai_ci;
/*!40101 SET character_set_client = @saved_cs_client */;

--
-- Dumping data for table `article_likes`
--

LOCK TABLES `article_likes` WRITE;
/*!40000 ALTER TABLE `article_likes` DISABLE KEYS */;
INSERT INTO `article_likes` VALUES (5,1,1),(7,1,2),(8,1,3),(9,1,4),(10,1,5),(11,2,1),(12,2,2),(13,2,3),(14,2,4),(15,3,1),(16,3,2),(17,3,3),(18,4,1),(36,3,18),(54,8,18),(55,9,18),(56,5,18),(70,6,28),(112,21,18),(133,2,18),(135,1,29),(136,2,29),(145,20,28),(148,19,18),(149,1,18),(150,4,28),(156,5,28),(166,21,28),(174,18,21),(186,3,28),(189,23,30),(192,22,28),(199,1,28),(202,18,28),(212,32,28),(214,33,28),(215,33,18),(217,31,18),(218,23,28),(219,35,28);
/*!40000 ALTER TABLE `article_likes` ENABLE KEYS */;
UNLOCK TABLES;

--
-- Table structure for table `article_tags`
--

DROP TABLE IF EXISTS `article_tags`;
/*!40101 SET @saved_cs_client     = @@character_set_client */;
/*!50503 SET character_set_client = utf8mb4 */;
CREATE TABLE `article_tags` (
  `id` int NOT NULL AUTO_INCREMENT,
  `article_id` int NOT NULL,
  `tag_id` int NOT NULL,
  PRIMARY KEY (`id`),
  KEY `tag_id` (`tag_id`),
  KEY `article_id` (`article_id`),
  CONSTRAINT `article_tags_ibfk_1` FOREIGN KEY (`tag_id`) REFERENCES `tags` (`tag_id`) ON DELETE CASCADE,
  CONSTRAINT `article_tags_ibfk_2` FOREIGN KEY (`article_id`) REFERENCES `articles` (`article_id`) ON DELETE CASCADE
) ENGINE=InnoDB AUTO_INCREMENT=24 DEFAULT CHARSET=utf8mb4 COLLATE=utf8mb4_0900_ai_ci;
/*!40101 SET character_set_client = @saved_cs_client */;

--
-- Dumping data for table `article_tags`
--

LOCK TABLES `article_tags` WRITE;
/*!40000 ALTER TABLE `article_tags` DISABLE KEYS */;
INSERT INTO `article_tags` VALUES (1,1,4),(2,1,1),(3,1,2),(4,1,3),(14,31,3),(15,31,4),(16,32,4),(17,33,1),(18,33,2),(19,33,3),(20,33,4),(22,35,1),(23,35,5);
/*!40000 ALTER TABLE `article_tags` ENABLE KEYS */;
UNLOCK TABLES;

--
-- Table structure for table `articles`
--

DROP TABLE IF EXISTS `articles`;
/*!40101 SET @saved_cs_client     = @@character_set_client */;
/*!50503 SET character_set_client = utf8mb4 */;
CREATE TABLE `articles` (
  `article_id` int NOT NULL AUTO_INCREMENT,
  `user_id` int NOT NULL,
  `title` varchar(255) NOT NULL,
  `content` text NOT NULL,
  `coverPhoto` varchar(255) NOT NULL,
  `create_time` timestamp NULL DEFAULT CURRENT_TIMESTAMP,
  `update_time` timestamp NULL DEFAULT CURRENT_TIMESTAMP ON UPDATE CURRENT_TIMESTAMP,
  `price` int DEFAULT NULL,
  `summary` varchar(255) NOT NULL,
  PRIMARY KEY (`article_id`),
  KEY `user_id` (`user_id`),
  CONSTRAINT `articles_ibfk_1` FOREIGN KEY (`user_id`) REFERENCES `users` (`user_id`) ON DELETE CASCADE
) ENGINE=InnoDB AUTO_INCREMENT=36 DEFAULT CHARSET=utf8mb4 COLLATE=utf8mb4_0900_ai_ci;
/*!40101 SET character_set_client = @saved_cs_client */;

--
-- Dumping data for table `articles`
--

LOCK TABLES `articles` WRITE;
/*!40000 ALTER TABLE `articles` DISABLE KEYS */;
INSERT INTO `articles` VALUES (1,1,'inigt ','天氣晴','https://aru0828practicebucket.s3.ap-northeast-2.amazonaws.com/591f4bb998f11ccafd9ea5b10cc4db35','2021-07-01 08:59:46','2021-07-01 09:01:51',NULL,''),(2,1,'eqweqw','<p>Hello, World!<a href=\"https://aru0828practicebucket.s3.ap-northeast-2.amazonaws.com/32f8f1e6e5f4e85227e6729fb138e809\" target=\"_blank\" rel=\"noopener\">a</a></p>\n<p><img src=\"https://aru0828practicebucket.s3.ap-northeast-2.amazonaws.com/32f8f1e6e5f4e85227e6729fb138e809\" alt=\"\" /></p>\n<p>&nbsp;</p>\n<p>&nbsp;</p>\n<p>&nbsp;</p>\n<p><iframe src=\"https://www.youtube.com/embed/NZElg91l_ms?t=1200s\" width=\"560\" height=\"314\" allowfullscreen=\"allowfullscreen\"></iframe></p>','https://aru0828practicebucket.s3.ap-northeast-2.amazonaws.com/4d6be654c2a42685d6f2978cbbc8e7f8','2021-07-01 10:42:46','2021-07-01 10:42:46',NULL,''),(3,1,'ewqeqw','<p>Hello, World!qweqw</p>\n<p>qeqwe</p>\n<p>ewqe</p>\n<p>ewqeqw</p>\n<p><iframe src=\"https://www.youtube.com/embed/NZElg91l_ms?t=1200s\" width=\"560\" height=\"314\" allowfullscreen=\"allowfullscreen\"></iframe></p>\n<p>&nbsp;</p>\n<p>&nbsp;</p>\n<p>&nbsp;</p>\n<p><img src=\"https://aru0828practicebucket.s3.ap-northeast-2.amazonaws.com/32f8f1e6e5f4e85227e6729fb138e809\" alt=\"\" /></p>\n<p>&nbsp;</p>\n<p>&nbsp;</p>\n<p><img src=\"http://moxiecode.cachefly.net/tinymce/v9/images/logo.png\" alt=\"\" /></p>','https://aru0828practicebucket.s3.ap-northeast-2.amazonaws.com/653454bec625a6b20e82657b44b51ec7','2021-07-01 11:08:03','2021-07-01 11:08:03',NULL,''),(4,1,'DAEWQEQW','<p>Hello, World!</p>','https://aru0828practicebucket.s3.ap-northeast-2.amazonaws.com/b9e113a9da03186735790908a06e7c6a','2021-07-01 14:51:53','2021-07-01 14:51:53',NULL,''),(5,1,'ewqe','<p>Hello, World!</p>\n<p><img src=\"http://moxiecode.cachefly.net/tinymce/v9/images/logo.png\" alt=\"\" /><img src=\"https://aru0828practicebucket.s3.ap-northeast-2.amazonaws.com/b9e113a9da03186735790908a06e7c6a\" alt=\"\" /></p>\n<p><img src=\"https://aru0828practicebucket.s3.ap-northeast-2.amazonaws.com/b9e113a9da03186735790908a06e7c6a\" alt=\"\" /><video controls=\"controls\" width=\"300\" height=\"150\">\n<source src=\"https://aru0828practicebucket.s3.ap-northeast-2.amazonaws.com/b9e113a9da03186735790908a06e7c6a\" /></video></p>','https://aru0828practicebucket.s3.ap-northeast-2.amazonaws.com/f3f2d8745e7a31c8892d460444bbcea9','2021-07-02 02:36:26','2021-07-02 02:36:26',NULL,''),(6,1,'eqweqw','<p>Hello, World!</p>','https://aru0828practicebucket.s3.ap-northeast-2.amazonaws.com/1a551f39289763b39de0c9f94ba9bc40','2021-07-03 06:23:12','2021-07-03 06:23:12',NULL,''),(7,1,'ewqeqw','<p>Hello, World!</p>\n<p>eq</p>\n<p>ewq</p>\n<p>eqw</p>\n<p>ewq</p>\n<p>0226</p>','https://aru0828practicebucket.s3.ap-northeast-2.amazonaws.com/1d4e41541517b9d5388c2401276a78df','2021-07-03 06:26:59','2021-07-03 06:26:59',NULL,''),(8,1,'weqwe','<p>Hello, World!q</p>','https://aru0828practicebucket.s3.ap-northeast-2.amazonaws.com/676566755220087aee838481ff7be029','2021-07-03 06:27:36','2021-07-03 06:27:36',NULL,''),(9,1,'qweqw','<p>Hello, World!</p>','https://aru0828practicebucket.s3.ap-northeast-2.amazonaws.com/208ad583f715783d57f2f7138965f710','2021-07-03 06:29:01','2021-07-03 06:29:01',NULL,''),(10,1,'ffsewr','<p>Hello, <span style=\"background-color: #e67e23;\" data-darkreader-inline-bgcolor=\"\">World!r</span>wer</p>','https://aru0828practicebucket.s3.ap-northeast-2.amazonaws.com/406739c3c0c0f9272d5e787a89f4ec88','2021-07-03 15:29:14','2021-07-03 15:29:14',NULL,''),(11,1,'0704','<p>Hel<span style=\"background-color: #f1c40f;\" data-darkreader-inline-bgcolor=\"\">lo, Wo</span>rld!<iframe src=\"https://www.youtube.com/embed/mnno9wr39I4\" width=\"560\" height=\"314\" allowfullscreen=\"allowfullscreen\"></iframe></p>\n<p>&nbsp;</p>','https://aru0828practicebucket.s3.ap-northeast-2.amazonaws.com/6293df2f108967b2a21748b5e926a14e','2021-07-04 11:49:11','2021-07-04 11:49:11',NULL,''),(12,1,'07004','<p>Hello, World!</p>','https://aru0828practicebucket.s3.ap-northeast-2.amazonaws.com/e8709cb7053b4754f0fa39156f90a73d','2021-07-04 12:48:49','2021-07-04 12:48:49',NULL,''),(13,1,'civic','<p>Hello, World!ewqeq</p>\n<p>e<span style=\"background-color: #ba372a;\" data-darkreader-inline-bgcolor=\"\">qwe</span></p>\n<p><span style=\"background-color: #ba372a;\" data-darkreader-inline-bgcolor=\"\">eqweq</span></p>\n<p>eqwe</p>','https://aru0828practicebucket.s3.ap-northeast-2.amazonaws.com/be6c63039baf83c0515e80492625e96c','2021-07-04 15:18:38','2021-07-04 15:18:38',270,''),(14,1,'mini gt 190e','<p><span style=\"font-size: 14pt;\">Hello, World!</span></p>\n<p><strong>安安123213</strong></p>','https://aru0828practicebucket.s3.ap-northeast-2.amazonaws.com/0ad32c1f1ceae9984f48971624bdafcc','2021-07-04 15:34:10','2021-07-04 15:34:10',430,''),(15,1,'我最可愛','<p>Hello, World!</p>\n<p>yes</p>\n<p><img src=\"data:image/jpeg;base64,/9j/4AAQSkZJRgABAQAAAQABAAD/2wCEAAkGBxMTERUSEhIWFRMWEhUYGBEXGBcVGBkVGRYXFhYXGBcYHSggGBolIBUVITEhJSkrLi4wFx8zODMsNygtLisBCgoKDg0OGxAQGy0mICUtLTcwKy0rNS0vKy4tLS0tLS0tLS0tLy0vLSstLS0vLS8tLS0tLS0tLS0tLS0tLS0tLf/AABEIAOEA4QMBIgACEQEDEQH/xAAcAAEAAgMBAQEAAAAAAAAAAAAAAwQFBgcCAQj/xABBEAACAQICBgYIBAQFBQEAAAAAAQIDEQQhBRIxQVFhEyJxgZGhBgcyQrHB0fAjUmJyM4Ky4RQVosLxU2OSs8MW/8QAGgEBAAMBAQEAAAAAAAAAAAAAAAIDBAEFBv/EACgRAAICAQQBBAEFAQAAAAAAAAABAgMRBBIhMUEFE1FhgTJCcbHwIv/aAAwDAQACEQMRAD8A7gAAAAAAAAAAAAAAAAAACrjsbGms829keP0Rga+kasvea5Ry81mYtRrqqHh8v4RbXTKfJmdIaSjTyteXDh2mMemqvCPg/qUJyu7yd287veeJTR4t/qF05Zi8L4NcKIpcrJncLppW/EVsvaWafduJYaapt56y5tfRmtKtfI+9Kdj6rckllP8AAemizcqNaMleLTXIkNPw2PdOWsuV48UbdTmmk1mmk0+TPa0erWoj9oyW1OtnoAGwqAAAAAAAAAAAAAAAAAAAAAAAAAAAAAANY0tJ9NLW5W7LZW++JRlUNg05o51FrQtrxW/JNbbX3f8AJpVSdSTtGP8AM8l5be4+Z1Wku99qKznlf76PQqshsy/Bbq4pR2+JBVxy4kM9Hq34tTbtz1F8b+Z8jg8O4+40ltd5rxzL4ei2NZm0iEtbD9qPWHxibyewnjWyv2laOAoWy1FwtaPgSz0RNK8JNLdfrR+vmJ+iWYzBpiOuj5QnVOg4Cm40qcXtVOKfaopGk6Dw0FUXTu9mmrZRutmsmr+DN8TNXpullS5b+H8ENRbGeNp9AB6plAAAAAAAAAAAAAAAAAAAAAAAAAAAABQ0nj+jSSV5PwS4srttjXFyl0djFyeEYv0lxzv0MeHWt8GYejSlxsvP+3x7C1N3k5Pa3dvmfDxLvVZYaqWM+X3+Pg1R0yzmT/BHHDxTuoq/5tr8XmSnywPKnOUnmTyaUkuEfSKNBRd6bdN8YZeMfZfeiSwsSrtnW8wbQlCMuz05RmrVUtbdOK1fFXz7V4GT0FjWpdBN3yvCXFLbHtX14GLdkUq+KcZKUfckpJ80812NHuaDXztsVVrznp/ZjvojCO+JvwPMJXSa2NX8T0esZwAAAAAAAAAAAAAAAAAAAAAAAAAAAYLT8OvF8Y28H/czpV0jg1VhbY1nF8H9DLrKXbS4rssqltkmzWrHwhnNxlKMlZp2ZG6yPk28PDPSUS1c+OSKarq59dZHNzO7CapWzI51StOseHUbOYkySSJ51yrWd4yXf9+YxcHGKl+pJ9jy+LR9pQcrLe8vHI10wlVdDPeV/ZGxJ1v+GdBwK/Ch+yP9KJz5FWVj6fWnkAAAAAAAAAAAAAAAAAAAAAAAAAAAAAAGqelOHcZ662TSz/UsvhbzKNfAP3NvGTsl4K7fLzNj9I461NQ/NLbwt/yaL6belP8Ag1TjGm5TqS1VJvUhHjJycXdJK9rHk2aFO5vHEv78m6q9KGH4L0sJUi80pR4xya/le1djvyZI8MaZ6O+lWNqWrVnRWHqVuipy1bKc87RcukcoN2aT1Wrq29X6Eusk0tq7yu3Qxh2i2u9T6Me8KVlo1e1Um2/3ShFclFP43fMn0xjlQo1K0k2qdOc2ltajFysueRx3Qmnq2MxyeJxM6cLTlqQlUgnZZQ/ClGXO9/dtvsXafSxfK4I23bDsywicXG7s1vblbmm7vzJNEYZ9JGUtkJx1nzTvl4GJ9FsFO8a0KspYapQhUjTqOU5JySatOT1rNSTes3mueWyVKlo27fiWw0kZ3Jt/p5Kbb2q/5NrQI8OrQint1V8CQ3mQAAAAAAAAAAAAAAAAAAAAAAAAAAAAAAp6Vw+vDLandL4mkelGgYY2h0TdmrtNWvdxayvvzy5pHQyji9GQleSVpvfnt5ojNNx47RKDSlz0cM0L6vK1OTptzm5TjZ6k6dOmr9eq5SerKVkrKN3dJXt1l2WlRSVu3zdyo3OD1ZKzPc8S0rqLl2NL4mOy1z4axg2Qo29POSvpPBQqxnTnFSjKMoyXFNWa8GaRg/VzGjN9DPqtvrTnd07x1XKnDo7SnbJOUmlts/Ze508XKUs6cl+puPyPVR3ySu+CIQslD9JbZTGWFM+YalCnCNKmlaMYwjFbFGK1YxXYi7gtE1HNOotWKd7XTvbYsibQ+ipKXSVMuEfmzOGvTqUcyfbMeocW1GPSAALigAAAAAAAAAAAAAAAAAAAAAAAAAAAAAAAFSvit0e+W5DAI9KVMlHV1r57Fl45L+xrukaNaNOU8PNOaTtRrJarf5daNnHtzMlicdGN233soYrEasG3tlLJb87JL74kIrfLbKJOT2RymaXof0uxNd9ahTpxsnK0nOUW0nqvYoyzas804tWOq6Kpx6KElFJuKu97ds8zSno2LypRjr1Jwu0razTWcrb0lt5G+4ajqQjBe7FLwOVpd4wdsb6zklABYVgAAAAAAAAAAAAAAAAAAAAAAAAAAAAAAFLGY3VerGze9vYvqU9eUvak/gvBEtrObi1j8VtS2b38ijSpuptmoQ7Vd9i+bMZpbFO+pG+fD5FV6Km426Wcb+6nl3lkYcFTlyevSStHpFSoWWpnOftXnbqq/LPx5GJhXzvUleS2P+24u/5dKF3GndXvk0/i79xicTQqOTapyuuKcb8k2rXNMIpLBTJtszOg5OeIp6ufXUm1wV7t/DvN+Oa6HWIi04U61NPbJQk00uxZm66Nx0rfiO/6rarT2O6+7Ge6OXlF1b4wZUAFBcAAAAAAAAAAAAAAAAAAAAAAAAAAADzOaSbbSSV23krHo07T2mVUl0cX+Gnm17zW/s4ePAnCDk8IjKSii3g8fTqNuM1LrO/i9zzPOM0lGEOr1pSk4xXF5/JM13F6Og52SvK/tRbhlt3WZlqGDUW3ZXjDPLNOVl9Ll/top3sm0ZSbj0k09dt7ti+RdMHpzCzTvTrTpO3VdteHFa1OTV8mtklne97FDC1MTa1TFRk+MKWp5SlI6ot9HMpG2qSMDiNNKFa6/hKylLdx1l+lXV/HYmV1hZSlHXq1JrWWTaSfaopItUsJrQdl7OaJqCXZFyz0ZzB6QjDWnJ9Rxby/MuHN7PAxOH0nr1JZW1pNqN77XstbN5pfaKUcKnBKNTo4ppSptXWWa1Ws4rJZZ7MrF2thKeprxXXVs9uaylbxT8SKhFdnXJs3KinqpPbZX7bHs17RGmJJ9HV7FJ7e/ibAmZZRcXhmiMlJcH0AESQAAAAAAAAAAAAAAAAAAAAAAIMbio0oSqTeUV48EubAMN6XaSdOn0cX1prPlHZ57O5mtaOxLhm4q6WUrE05uvUdSpv3cIrYkSYalFydvZirvm9y+fcaYxSWChvLyXdD4a81KebfWlfgs7HzDtuMpP328+LUot/EuYF2VR/9uXwIoNdDTttU5pr96kl/SSb5I44JsTQ14J7U4xV/1bFfv1l/MYTE4PUls5mZo17LVl7F3rLlKyv3NLxIsdCWq01eUdvNbprk/veINxeBJJrJjKLzXal8y9gpajz2N/VfIo0FbPgZacFKnltV/wDU9aPnl3k5sjFFHSGH1JOSV1v7HsZWxONurRVkr27Gkl5Rj5mV6TpKV/ejk1xj/YxdeMNiya+2I89h/RJh5Kore9laXYt5ndD49/w55NO3f9CtoKVKS1XFKXEn07hlBKpFZp2a4p8fveVzab2snFNLcjOgx2hsd0kdVvrR81ufy/5MiZmsPDL08rIABw6AAAAAAAAAAAAAAAAAADTPSfHdLWVKL6lN5857H4bPE2bTGN6GjKe9K0f3PJfXuZoGHnk5PfnctqjzkrsfgsTm8ox2vIv4Shq6tPe25S7uqvg/Ej0dT1YutLb7qLWD/iO+5JeCt8i8qLWEV1Viv+nL4Fag+o7bVZpc4tS+DZb0fK1W26V14oqYd2tfZv7GrPyic8sEtOS1lfZsb5PY+7J9xZacUk/ajdRe6y2wfFcOTXMxU5Wm4vd9rysX4VlOm4v2kvFLZJc1sfFCS8iL8FXH0FbXh7Lea3xfBjBVvZu8neD780/gR0MXqScZZ8VulE9VcMou0XeE1rRl2bV2q/kS8YZz7R86Z06na3dc96++JQ0l1Z3Wx5p/IuaRi3HW37HylHKRVf4lNr3lmicfkjL4PeFxai02rMyuL0p0lO2X3sNbhO6sSYV3dr5CUFnJxSaRfwGLcJKa2x2rijdMNXU4qUdj+2u01TFaL6OCqKV1vMr6MKWrN+42rdts/wDau4z2pNbkXVtp4ZmwAZy8AAAAAAAAAAAAAAAAAA1L06xH8Omucn2+zH4yMBg6WvKMFs3mT9LJ3xEl+WMI+Wt/uIdGU9WMpb3ku8019FM+yziaibUVsVkvEUJZ3/V9SvCXXXaTUns/cvmW9cFRkdbVcZcJJ+ZDjLKWW6Ul/qdvK4qvIglUUlLjZO3F2Sfw8yKR1sjxSu1Jftf+1/I9xk8pLJr4lWWIio9ZrPdx42+pLg6mtlGMpfytLlnKy7cyXg4SVoRqbMp/l58uK5be/wBqKnjlTjqVZKMXsbaTUuKvtXZtPOMwtRuzqRppO+rFa032ydrd1jHaW0FhqkVJpwqx2Yi/Wvde1+aLeTT7rbTix0dM90iqLJp663Z9eKs/FK/ajEUpuE7cyTARnCkrq0k28s/ebT7frY9aTgrqa2NX+/vcSSxwcfJT0hHUmpL2Zfdj1T47uOyxLKOvTcHt2p8zT9KenNKlTSoLpaqlbVqRlGFO17trJznfnZZ258nbGEf+hGqU3wbzg8LVrWjBPV260so9ttr7Td8JR1IRhe+rFK9reRzD0P8AW3Rnq0sZTjQbsunhfom+M0+tT7byXFo6onfNGSVu/o0qvZ2fQAQJAAAAAAAAAAAAAAAAAAGr+mej4QoYnGXlr08PUqauWq5Qptxvle3VW85D6PelmNxOJpUpTjCm1NuEIJJ2hJq7leW22xnYvWPGT0VjFBNt4eeSzdrdbwV33H579H9K/wCFxFOuoKajDVcW7dV2vZ7mRlY4tck4wUk+DskNHVIwU5Td775O6+hfw9C6V6jT4WvmuZy3SPrLxtTXUKdKEJJauTqThzUrpN78425ccDjPSbFVmnUrzTUXHqPo1Z+0moWvey28CyWpXgrjppeTtOLr2V+nhGNm9d6qSS2tt5W5kej1h6i6V4iNaN7WpztG+y14tZ/eZw6lKycYz1YvbHrJPtSyZLhsTUpS1qVRwbVm4u11wfEgtU/gm9L9nZdLeleGwM4U+ilao86iSUYq9k5Pa977EzI1cfJ3V0uaT37MzhmM0zWqx1aldyjldN7bbL5Zka0vWtFLE1Eoq0V0s1ZcFnksl4BannoPT8dnbJy95vJZtvP+5jsbKhLqVKlk872lk9z2ZM5LHS9VTVT/ABEteKspuo20tts3s5bDKf8A7Su/a6Cb/NKDu+3VaRZHVR8og9NLwzc4ekeFjr9Hik4wytOL6623hvmrq2XDZazdeXp3Qs4vpJarycaas+zWmmu+xzrEYvXnKbcU5Sbajkrt3yW5EMqseJS9VYy1aaBsum/SytVbVKUqVKyWqmlJ8W5LNdiZrM4EU8TwR4cpy4lMpSk8tl0VGKwj6r3yP0v6r8U6micJKTu1ScL8qc5U15RR+aKUXdNn6L9Taf8Ak9C6a61e196deo0+zMnX2Qt6N1ABcUAAAAAAAAAAAAAAAAAABo5H6Y+qJylKrgJRinm8LN6sVypz3L9MsuaWR1wHHFPs7GTXR+XsfofEYXLE0KlH9U49TuqK8H3MjhFSW5+Z+pJK6s81wMDpD0L0fWbdTCUtZ7ZQXRSf81OzKXV8Fyu+Ufnt4WHD5HiWCjz8Tt2I9VmBl7Dr0/21Nb/2KRja/qjp+5i6q/fCE/6dUh7UifuxON1NGw4y8voRf5XH8z8jrNb1QVfdxsH20ZR+FRleXqjxW7E0f/GaGyY3wOXf5VH8z8j0tFR/M/I6jD1RYnfiqK/km/miWPqgrb8bTXZRk/8A6HdsxvgcsjoyHPxPawMFu82dboeqBe/jZP8AZRUf6pyMhhvVLg4+3WxFTk5wiv8ARBPzHtzHuQOJ9FFbEl3HzD4adaepRhKrP8lOLm8+KjsP0NgfV9o2lswkJvjVcq2fZUbSNiw+HhCOrCMYRWyMUorwRJVfJB3Lwjinoj6oq9SUamOfQ0r36CLTqS5Sksqa7G3+15na8LhoU4Rp04qEIRUYwirJRSsklwsiUFsYpFUpOXYABIiAAAAAAAAAAAAAAAAAAAAAAAAAAAAAAAAAAAAAAAAAAAAAAAAAAAAAAf/Z\" alt=\"\" /></p>','https://aru0828practicebucket.s3.ap-northeast-2.amazonaws.com/ae6c1ca04f49d1acee49c3a7313c0918','2021-07-04 15:36:59','2021-07-04 15:36:59',5566,''),(16,1,'Mini gt R32','<p>H🥰🥰😎😞</p>\n<p>&nbsp;</p>\n<p><span style=\"text-decoration: underline;\"><em><strong>EQWEWQEWQEW</strong></em></span></p>\n<p><img src=\"data:image/jpeg;base64,/9j/4AAQSkZJRgABAQAAAQABAAD/2wCEAAkGBxAQEBAQEA8PDw8QEBUPDw8QEBAPDxAQFRUWFhYVFRUYHSkgGBolHRcVITEhJSkrLjAuFx8zRDMtNygtLi8BCgoKDg0OFRAQGi0lHSUtLS0tLS0vLy0tLS0tLTUtLS0tNy0tLS01LS0tLSstLS0tLTUtLS0rLS0tLS8rLS0tLf/AABEIALcBEwMBIgACEQEDEQH/xAAbAAEAAgMBAQAAAAAAAAAAAAAAAQUDBAYCB//EAEMQAAICAgAEBAQCBgYHCQAAAAECAAMEEQUSITEGE0FRImFxgRQyByNCUpGhYoKxwdHhM1NykqLw8RUkJURjZHOy0v/EABgBAQEBAQEAAAAAAAAAAAAAAAABAgME/8QAJREBAAIBAwIGAwAAAAAAAAAAAAERAgMSIRMxQVFxodHwBGGR/9oADAMBAAIRAxEAPwD63AjUmAiIgIiICIiAiTGoCSIiAiIgIiICIiAiIgIiICIiAiIgIiICRJjcDzERAREQG4iICIiAiIgIiICIkwGpMgGTAREQEREBERAREQEREBERAREQEREBqIiAiJG4AyJMGBEREBERAREQEREBERASREkQEREBERAREQEREBEx25CL1ZlH3mo/F6h25j9B/jA34mivFqvdh9VP90y/j6tE+Yv3Oj/OBs7mMZCb1zrv6iczmeIw1rIit5apzNaa3ZG+IDlXp16bPzmT8disfhuqB9A9b1n+X+EDpQwPYg/TrJnPrUe6EN7eXcCf91tGZRmWV9GZl+VqFP4E9IF3ErquJe6g+5U7H8RNuvJVvXW/eBmiIgIIiIEREiAiIgIiIEyIiAiIgJMRASQZEnUBERAREQEEgd+g95q8R4hXjobLW0vYAAszMeyqo6sx9AJQW1XZuzkc1GMR8OMjFbGHvc6n/hXoPc9NBc38UUbCDmP8P5SvyM21vXlHsO85Li3Da8Nt0cWtxiP/AC97NmKPsduo+Z3K2j9IT1MEurx8ld686h7KDr/YsXqf4QO0ZD3Oyfn3jy5o43jDBYDzRkY++3mUM69f6VXMB9yJbYXEMG88tObi2N+4ttfOP6u9wNcVz15RlyOGk9ug9W9B/j/z1lZxbjWDhg+ZYHcHXINfm/d9i39Hq3yMDzXiu35R9/T+MXcL6fGisPoNzg+P/pGzCStaJiVEgI4+O4IenOUcAgbIA6DUpOF+L8mizmN196k/EMkkofv18v6jY+WpLWn0KzDpU6DtS3tzFN7+vebCHLr6JfzD91x01/YZiw+IU5tZ1110etjqyskfI7HyZT19DKfL4JnY7eZw2w2AdWw31yMPZQdKv9Xk/rEylLs8RZTu7GKn/WUnlP1Oun8pv4+YGTnrYsG6KxUKw1vm7d/Tr9ZODzNVW91Zod1DPTYQzo3qvw9/r0mtz1M3IrPaRvSdOVdk9CqAb7noxMFOqp/Kvvof2T3NLhrNoq/Qg7Udzyn/AJ/nN2EIjcjcBEiTAiIiAiIgIiICIkwEbiICI1AgJMieLrVXqxAHfrAyAznvFHHVwFN91nwEBa6hovY46lVX31vr2Hc9pnyeMb6VL/Xb+4TgvGHhe/Ls89cks+goqv2UVfZGUfCN9daOye8Csq/SEz2Nfbjiy/mIpBfVOPUR2Qa2znrtvh30666DR4t4x4jkDSNyIehWn9Wf/wBf8RmhleGcyjq+OzL71frB99dFHzJAmOm1SCUBOumhphsdxzLsb+8CqyHP7XMD3Kt06/Ka5XndE9yBM2a7sfiBHtv0mz4bxC9xcjog/nLHI7jh1XKihdroaHy6fKeeI49bj40rb35kQk/cjcfiQg19po3s9710IdWZDilT6IO7ufkqBmP0lmBd8D4k+Fw+yyvZfNyRRgUs7cgVdpz6P5FJFhOtDSDqJwt17+ax8xnOyvnnYZxv0/cX2Ua19ZbeNM7eWtFatXRhVDGx1IK72oDt8xy8q79dMfWU+Gj3t5WNVZkW7HwUrza765j2UfM9JhWtmV8wI/aHXfqT9fnMnC2VtVux5tfAFR7bbQeyoijq/foSB06kTrq/BK0BX4rm14gfquJjfrcq3toA6JJ9CFU/WX/DsVqhrhuDVw5SoBy8sebmsvoRTvmHofjYfSGts91R4e8M5NLplWP/ANnYyEc5yrE862veyprXogPTQLHRG51B8Wiw+Vw7GuyvTnrHl077fFc/T+G5r4/h+ln83Me3NtB3zZDB1U+yVj4FH2M6JM7kXlrrVFA+kcl4x+2nw/hGTYrnPepOY7FVBf4UHo1h6kn117D5yxW6uoclCAa6bE+eeKvHmXXtqMR3oBA/EXralVh9qwAOh9GJ6+06TwrxhM3GTIQcvNsMhO+Rh3G/X/OVmZt0XDLT5jA9eZdk+2j0lruVvCk6M/ueUH3APX+f9ksNwj1E87kwJiRuTuAiNxAREQEREBERAREQEMwHU9pq8Sz1or52DN15URBt3bqdKPfQJ+0+U8ZzeMcWZkSo4mJsr5fYsN6Pmu35vblXYHbrrcnosR59na8U8c4yOKaWbItJ5VWlfMJb2B/L6e/oe0qeKcZs2wCWgg6Fr49l9TtokBBUeduo1zBTrfYzQ8OeCVxgTYyXXOClpZTavkEDdXx9AGPc8uyOnTuer4dwiqheWqpUUdeVFCjsB2HyAH2ERE+MumWWEVsj+8/fdTfhMq4gWGumoEHVL5K2uCOoYgprXz39PbfxuD1qVPKzMv5S7vZykdNqGOlP0AlsK57WomWoZ6mXa+GutMx5XAaMj/S0VWkb0zopZd9Dpu42PYy1FKr1b7KO5gl26Acq+w6fxMMOUzf0fYOjyFqn0QFD2WoD8wWB18gwlNV4MyKfyWVWL/q6gKQfmfNDkf70+ipie51MqqANqBodS7dAB7/89PnA+W5HAMobLYtyDp2UXIOoHQ1MzMf6gjwpw21Guy7amqIU4+LXahSzl3ux+RtEFiFUe4BneWcXa3Yw6jlN2NxbysNT/wDLo8/0RW+ZlRncKa48uXktdve8bH3jYg+TBTz2jr15m0f3esW1Xmr6eI4N/wCrsw6slzpCjUrk3oidE83ofL0ADokd/fetvHTJ5BTV5PDcYdBXhonnuPdrCOWsnvpQe/5puYmIlKCutFrQdQiKEQfYTOBJRddmlg8LppLNXWBY357WLWXP/tWMSzfTepua9Pv7bPz9561PJsA7dT2A+foP4yszNvSr6+/WVPiC3afhkyEx8nIVlxmdS4LgbI19AevoddD2NwyfMnX2H8P8xOU8WNj03Y+ZeQWxg5opDEWXXOVCKoPfqN7305fUbga+HhFFowLEsteylrsq8h2BL211tV5h/MxTzWJ2dMqkdhLT9GHCHrw/1gKiy1rFHbmUgAEfI63v5yMzieRW9zlq/wAOFqbFQKA9rEAksT1+Kxqq11/rD31uX/BrVrpppXqKq0qB9wihd/ygXi9BoDQHQAT2DMFT7mcQPUkRqTqAkxEBqIiAiIgIiICIkGBMbkGQTA53xJfYbECgclTc5A/OxKMvQnpsc50Pl/CtxspKMclG2aq+Zy7eXvQJYuWHwep5j85f8brAXzNdB0sPsvox+Q9fkd+k5fAustyXouxbaWVbGpy0YPUawOh51+KtyD0BHcdDJS2y4PivH5A1td2PX6XMgtxTv/3FJesfVmE6LBzK7lD0213VH9qpldST/SH9k4uzwrcGayi6u996ZyDi5X0ORilG/wB8PKq7h11dnPbj2V2HvkeWLGHUDX4rCNV/t1at/vKj61XSD6Dp7zIqgdv4zj+D5jDaW5raRuUoz12kt0Daby1LLsHRI316n2sOK5d6Vq9Aa48wGuUdAfblG99pLWnQhPX/AKyHsCzl8rj9mOKg4V3fZdOawFen7xLa67GvWRRx+u5ggLLYwOlOtkAEnlI9hs+naY62G7ZfLp0c9u6uF3kZ4B5URr7fRRpa0PcF2PRO4P7Ta6gGVXFcnHrTzeJZFbLv4aCwqxA3cDkY7tb5sT22FHaMriteLTZY4JC6CJWOZrLWblStR+8zEDr7z5xw808QyMy7OTzPw4bnusttXHoAOjXVWvKdcwI5idsQx0J0c7dxg+McbOJTGyK25R/ol5q7Ao/oOAxXqOw1NhEHmFuv5QPy/Don39T07f5T5HxHgv4Di2GagQj3qFGySjc/I6b7kDo2z6ON70SfrZCglwNsRr3bQ/ZHy31122YRsFh7zybdb0PuegE18m9Kl8y6yuhPRrGGz8gN/wB/2nMZ/jvHQ6xqXyX9LbfgrB9wut/yH1gdcqu/YbH7x+Ff4+v23KzL49g47HzMxDYgO66xzlWOumlBPN1nA8Q4jxDO6WWsEPTyqt1169iB1YfUmZuF+D2bW1/kZBZ5/wCkJd6x8a117c9h5fuEG9/crKbP8Q3X5XNXhvfS+PVVbRbSGDWVtY3OuwwUg2EAnfr07a7bhng9F1zIp+u50uHwdE1pQPoNSjlOD8Mysh0uya1oVNGrGVuchtEB7G/aYAsABoDmPTZ3OwxcEL6TfqxwJsLXA16qtTYUT0BJgIkxAiIiAiIgIiIEyIiBM8mTIgQZ4Yz0ZicwMOYOZWUHWx3nCcV4VkW0vUpWvIStq0tX4Km51IJQBiyAb6A9iNdus7PKY6M5jilNu+dHZWHqpI/6wNbKI2DaL8ZwHVbEOlHPvrzDoSNg9Dvp6TayrMq1q3xs7yuUcrIaar0tUszbYNylSAQNgnt2lbT4pyqDq6lL07Ej9VYR670Cp+mhN3H8RcIu15qviWHpso1Y3781W1+7akF/wexGpAzBS9x3zFcdq11s62Ovpr177my/D8FuoWtfXaWNX/fNLCwqbBzY2al6+3mV2kH6p/ZqU3EsOgO1xuxaCxWtjdioS9oB1tz5bc3KB05uyQq6zeBYljDYscAeuQ7AfTRmPH4ZRW3NXWFbroks7DfsXJ19pr8Hw7aqdsy3Kzs9b1h9cjaIGntsYddn82tEaHSbZNmieQgfvMVAH17ybMbuuWt+VVfDmP0g5xqqrCFvM+K5eUczfA1VPNo9ypvDj51ibHHK8Vsdac7zObMsprtWhSrX5fwkDp018Hc9gO/acz4o8RKnFaQHxmWrHFRsb9fQlrv5is/KR0DLSTrqO/pN3BzxiY3Pm349+QL3vpakl7DY4ZC1KMAXYhjogBQW2T6zTCp/SHkr+LwyoYtTz5DA923YKxv6+QT9x7zNm+M8u0kY1a46nen/ANLdr5E/Cv00frIwuC3ZljX2pyvaQeUbK1IAFSsH15VCjfqdzruGeFEXWxIOCo4LfkPz2tZa5/asZnb+J9J1XCvB/bmE7fE4Wq9lAllXjASigwPD9aa+HZ+Yl1ThgdgBNxa5kCwMKUiZVSe9RAgLJiICIiBEQYgREmIEREQERqICJMiAkGeogeDPDLMsagaVlM0b8TcuWWeDXA5jI4Yrd1Ep8zwzW/pqd22OJhfDED5XneCt9QAZqDgWbV0ruyKx/wCndYn/ANTPrLYEj/s6Si3yvyuK65fxeZy60N32HX0O+k1LvCeRkH9c9tp97Haw/wDETPr68OHtNhMID0ih8fx/0Z83dyn07zquAfo9xcchyrW2D9qw719FHSd2uOJmWsSiuowFXsAJuV0ATOEnoLAxhJkCyYgBJECRAkyIiAiIgIiRuAMRIgIkyICDEQGojcQERJgJMiIE6iI3AREQI1HLJiBHJHJPcQPHJJ5Z6iB51ERAREQEREBERAjcbkyICJEQJkj/ACnmAYHAcP8A0k+bjZdzYhW6h60x6BbzfivNuahCrco1+sRgenTU3eG+ODcuG34YL+LwcjN15pPl+Qfyfl679+mvaYLPBGJi/hMh7Miz8C1jBUr8xr2sta1AyKNnkdyRr6/OVeBRTSuKoxONsMTEvw0JwPzpedlj17j0kmYh0w0c84vGFpwr9IqZGLTcMfy73y8fFuxnsPNUmS36u5Ty/EhUgjoN9R85e+H+Nvl2Za8iVrh5tuG3Uu1vIEKuD0C/m6jR+s4TMx8H/wAMVsXi9V2Eakof8KqWZS0MGWt1LfHojfTqNn3nb+EcJa1yblTJr/GZdmWyZNa1WIzhVICgnS/D031iMonsuejnhF5Q6CRAiVyNxEmAmlRxah7rMdbV8+ogPUTp+qhtgH8w0w6ibs5K7wRXdn3Zl9jFWdXqqrJQjlRF27jr3Xsuvr6TOUzxTto46c7upNcceqx8W+KsfhlPm387MwY1VIjM1hXWxzAaUdR1bXeYeK+JmrtpxsbEbLybcY5jVC5KRVQCBsswO2JOgNdSPSbHjXBtyOHZlFKl7baGStOYDmY9htiB/EypzsHLxs2nPx8U5e+HDBtoW2qp0dHFiPtyAV3tTo7HfrNOLO3jIti15uPhWX4j45yHuORjUinlLB0ZXbe15TvWxL3gmecnHpyGpeg3ILPKs15iA9ubXqRo/ecXV4SyauGcL4Zyi2sZSPxIgryeQLGvdOpHMOcqvQHYE+g7gTEiTAREQEREBERAREQEREBERARG43AgRBMQEiIgQYmvniwqPK/N5ic3UL8HMObqQfTfpKlfx/IOYnfnKGAFXN5PkrzEHsR5nN6b+3SBseJeCjMpWvn8qyu1b6bOUOEtTeiVPcdTOfTwfkNl05Vr4XNXeLrGqrvW23R67LMR/ZOkssyVReRFsYu405VSqcxKFiDofCCvQE7ZSegaY1yMzoTVXragjR3rb8xHx9DoJoH3/hmcImbejT/J1NPHbjPHyw8c4XZfk8PsTlCY1z2Wljo6KqAFHqf8JeSmx8nO+HmprHwgt67PMRygh+5XlO9aBOuuplyLcvzW5ETy1Pw7HVxynYJ5uh3rRH39pYhyyznKMYnw+bWkiUwy87af93r0SOY7AKbCg9OfrpnJ36rU/qyyw4e9xT9cqq/T8vQHaKT02daYsO/7MrDZkyNyYExEQEREBERASREQJiIgIiICIiAiIgIiICIiBEiIgIiICIiAkSYgQYiICIiAkSYgRERA/9k=\" alt=\"\" /></p>','https://aru0828practicebucket.s3.ap-northeast-2.amazonaws.com/7cf79c526ffc92382cf55f39f55dfe31','2021-07-04 15:41:39','2021-07-04 15:41:39',NULL,''),(17,1,'advanGTR','<p style=\"text-align: center;\">H<strong>e</strong><span style=\"font-size: 14pt;\"><strong>ll</strong>o, W<span style=\"color: #f1c40f;\">o</span><span style=\"background-color: #e67e23;\">rld!</span></span></p>\n<p>&nbsp;</p>\n<p><span style=\"font-size: 14pt;\">UYYTUT😛😛</span></p>','https://aru0828practicebucket.s3.ap-northeast-2.amazonaws.com/454507cae30dbb7c48c98e431c8f1cee','2021-07-05 01:32:11','2021-07-05 01:32:11',430,''),(18,1,'jljk','<p><strong>H<span style=\"color: #e03e2d;\">ello, World!</span></strong></p>\n<p>&nbsp;</p>\n<p><img src=\"data:image/jpeg;base64,/9j/4AAQSkZJRgABAQAAAQABAAD/2wCEAAkGBxEPEBUREBARFRURFhURFxYVFRUXGBUYFRUXFxUWFhgZHSggGBolGxYYITEiJSkrLi4uFx8zODMsNyotLisBCgoKDg0OGxAQGzAmICUtLS0tLSstLSsrLS0uLS0tLS0tLS4tLS0tLS0tLS0tLS0tLS0tLS0tLS0tLS0tLS0tLf/AABEIALsBDQMBEQACEQEDEQH/xAAcAAEAAgMBAQEAAAAAAAAAAAAAAQUDBAYCBwj/xABAEAABBAADBQYDBQcDAwUAAAABAAIDEQQSIQUGMUFREyJhcYGRBzKhFCNSscFCYnKC0eHwM5KyJENTFRaj4vH/xAAaAQEAAwEBAQAAAAAAAAAAAAAAAQMEAgUG/8QANREAAgECBAIJAwUAAQUAAAAAAAECAxEEEiExE0EFIjJRYXGBkaEUscEjQtHh8JIVM1Jygv/aAAwDAQACEQMRAD8A+1ICUJCAIAgCAIAgCAIAgCAlQAgCAIAgCAIAgCAIAgCAIAgCAIAgCAIAgIQBSAgCAIAgCAIAgCAIAoAQBSAoBKAIAgCAIAgCAIAgCAIAgCAIAgCAIAgCAIAgIUgIAgCAIBSAIAoApSAoAQEoAgCAIAgCAIAgCAIAgCAIAgCAIAgCAIAgCAIAgIUgIAgCgBASgCAIAgCAIAgCAIAgCAIAgCAhASgCAIAgCAIAgCAIAgCAIAgCAhSAgCAKAEBKAIAgCAIAgCAIAgCAIAgCAIAgCAIAgCAIAgCAICEAQEoQEAQkICFJAQkKAEAQEoAhAQkhASgCAIAgCAIAgCAIDj98d/YtmSiKTDzPc5udpBaGkWQaN3oR0V9Kg6ivcqqVMnIoWfEzFS6xbPa0Hg6WUgefAE+i0LBrvKJYlrkbDt8cW4f6mEYT+Fshr1df5KyOEit0yqeKk9pJG1hd8cQ1oD2QSEftCUtJ16ZAFxLCRvpdEwxUtnZ+v9Gw7fwM1lw4aOonjP6Lh4PufwWrFd6+Tdh30gcRmimbdG6a4EHgbDlw8LPkdfVQ5os8Nt6CQ01zr6ZHk/QFVSpSjuiyNaMtjd+1x3lztvoSAfqq7FlzMoAQklAEAUkBQSEAQEKQEAQBQApICgkKSCVBJBQBSCVACAIAgCAi0AtASgOQ+IW78eOiYRNHFNA7PG57gBytrj006FaKDkns3cz15RS1aXmfLsTHjoHUZsDIDrfdeQf3jX5Xw5L1KdOpPk15nlTxVCC3Um+7UzDGkAZzh3HnlhePb7wLQsNPmzM8dTe1P5MeMxkUjCzs6zaEtc9p9O8a91YsOubKfq6l7xSXyY9mbKfKR9mwjnkftBr5K83OsBRJ0afaaJj9TWel/TQ3sbs7aEJzSYeYZe9rG5zDWupa0trz6ql4vDtZUy+HR+ITzNfJqR75z4mo45Br+yDlaP5RX0BWdYehunc3SrYhaNWNjDQyRyGSSUucRQBFNAPHu8FbGEVsZ5VJ31N4bzjDmnSBh49xzmu1503j7KuVKDLYVJ7ossHvvijrE9z2jlNGNfIghx89FVLC02XLEVEdLsnf2N9NxMZiP4hbmeZ5tHustTCSWsdTTTxKlo9DqsTjI4m55JGtbxtxAH1WeMJSdoq5dOpCCvJ2IwOOjnZnhe17bItpsWOIUSg4u0kIVIzWaLujZXJ2EJCAhSQEJCAIAgCEC1BItAFJAQBCTxLK1gzOcGjqSAPcoRcqcVvNh2cHFx8BQ9z+lqxUpPkcOaRWS73j9kMHnbv6KxYdnLqpGjPvfrRmo/haGX7ZSaXaw72OJYiKV2aGI3rYdBJiXnpE91+7NFphgJvV2Riq9J046LX4KPaG3sSTcf2to6OxMmvmC4EehWuGDpRXW1MUsfWn2dPdmjNtrHvGUuxBHTPmHvmJVsYYeO0V8FU1iJ7zfyVsr5ncWSeoJV8akORmlhpLVnmCB0nF2XlTgW/mulNPY5mlT3R7GyZDZc4AciASPU8Pqm5y60FsmWuzNnSwkSCKF/Qvp/rkLSAsVdSn1c1vg9DDVYRSm6b9k/ydrgt6MWGj7mFwA+W+zPoWk/8AFeRPDNM9qlioTWmnpY0d9t/jDgZmnDTRySxuiY4Oa5oc9pF5tHaCyO7xAVMqbSL1NM5b4K4zAMgxBxZiuR0cYEkZczLG0n5i0tGsnAnl5LlJnZ9Ki2DsrFD7luHPP/ppcn0icF2qtSPM4cIy3RVbX+GcEjhJBK9kjRlAkqRlca5OB462eJ0Ktjipp3epxLDwcbLQ5HeHZeNwDAXRBsYOUvYWuYSflo6OF8O80akdVtp4iE34mKphpRW+neigZjyXAlpdlINE8eBonjXktbqxs0keesLUUr5vuWW2duz412abQcmjgOg9OX9bKzKCgrRNvalmlq/9yPoPwmeTgngm8s7h/wDFEvPxK6x6FHY7ZZy8WgFqCCFIJQBCQhAQEISShAQkIQYcXiY4WOkle1jGDM57yGtaBzJOgQHCbb+IUlXgcM97OU8gLQ7xjYRZb0cdD0XcVFdojXkcjHtvEY3vOnwxcSQ2N2KZ2pI41HXdHHjl+oWmFamuRTKnJ8zFiGYpjczoJC08HMLZM1mhkbG4uePEDr0KvjiKZVKjM0ZMePleS0kkZX5o3W095tGnWCCCPNXxnCWzKJ06i5G1/wCqZWZBFE0caDaHnluj7LQm1sedLDxbvO782YztZ3CzXQaD2Gihxb3ZdGMI7IxjaZHAFRwy3Mbkc8zhYjf6ih7kqpxiixZnyEs07RbnRMH7zl1kXd+CuVaK5r01+xXzbVYNHY6HyDh+ihyprdr3GaT2jJ//ACzD/wCoQk19tjvhq4N16aqVOD5r3OXmX7Jf8TPh3ljmyECZgNkZu64dMzeHn5ceC6nTcou3utRTxEFLXfuen3LXaLIZYmyYZxDyaMffNA2dS7TThoaNiqorLR4kZZZ7d5squDjeO5oQ2O6894/sjU/7RZWhpFKbZaYKCdoOTuA8jX/HUHhzriqZRi9yyOZbGpisLiLsNs9QGg+oFqyMKZxKdQ137cxkJA+0YllaUHkCvLgp4FN8kVuvNbs2X754tzHRySDExOFPima0FzeeV8Ya5rhxB5EXyWGrQySutDdSrZ1ZmltQxx4i8KXdk8Rytzuo1JEx9E6d7vHj0W7DxzQjJ763POxM+tOHJWtzMc0xylznchXezUQNaHhrrzpaKzWVr8mLCwfFTttflb5/B9p3N2T9kwUcZFPI7R46OdrR/hFN/lXz9WeabZ9LTjljYu1WdhAQgJQBAEAQkIQQSgKzGbfw0NB8ze8coqyL6ZhoPUrRDC1Z6pGWpjaEHZy/Joy744VpcD2ttNEZRfnq7UK6PR1aXd7mWfTGHgtb+xwW/wBiI9pzQGJ+KY+JrwI4i0PkJLSHA3UYGtuOneFkc5qYJUlepL0W5GH6TeJllowfnLRfA2lMcsf22YTuhaxrIsxMMWRoAc7NrPNpZkeON0GrErHqPY1Zd63luVriNf2eJ9VdeKKHGT5nP7RhixHfxDGd7h3Q6Rw6tqtP3iQOOt6KJSzcjqMMqKiZz2ub9mdLhwyqETyDfG3ObVnh7KvKWXLXYzNqursyZGU1lS/6YaDq0fKGZrNuaQ42dbUbErU3P/ZOOfIZBPFDmN9lh4gI2joGFwBPiQSepXca847MOCe6NqPZcsUrIp2h4dYztb2Tm0CbexxILdOLSOI0Wyli5SdjLVw8Uro2MXjYcMckMWeQ8hy8XPPDyXdSsoq8n6FUaTlpH3OZ2ltHFSEh2IDG/hg093nvX6lZZ4qT7On+7y2ODh+/rPx29tiqfh4ydczj1c4k+6olJvc0xgoqyRgxGEg/8bb66rg6LPF7IjlINZc1OzBpPzsa4aDxP1XqYempU7mCvPLPexWjY0kBzRCfMObfuxpyPN30VqwslrG/oUSxdGayzafnqW+Ex0j2FjnODmjPoaD28yQ3TOOdcePlelJq011vuUK1OV4PqvTyf8M2dn7RdEaYAb5Vx8LXDVzWtNS6h3k5OYVxwybsyP3mYATTtPJOGc5mc3tnbU85/wBNoA4NOQE34u1/JQ3KHZXu7HGanN9Z+yuaGBxxbN2b2OjlYb7OQZc3gOtj35WuI141OpJWZY6ORZ6eqLCbEsmkc2JrmtY4RhruNNaBr0VtJWp5XybKqj/VclzR0+4+zBicfEwjuRXO4dezqh/vdHfgSs2JnaJooQu9T7YvNN4QBAEAQBAEAQFdtnazMKzM7iflb1/sr8Ph5VpWRkxmMhhoZpeiPnM+38bjcRJEYXCINDg+xlJ0JHHT/wCpXr0aMKM7OO3PvPncTiKmKpJxnvvHuXiVksoY0t4Me7Nk1IuuV8FveWOrPNp8WvJQgVm18YQwZH5S51WATQ5lxqhpdXVkUvOxGNlFdyPfwvRFJdvV/Bz2K3gEGkBLXc3k6v8AF3Xh5LxZzc3dnvQgoK0VoeYd4JJtZIxlAzOeLqtdarXgeBPA6aGuUdFrgXxvHcY7Mb4BrwB/LmBPnoOFO0Im9yC+wG7LJO8+cDNqQ5wLz4uJqj52usxFjocDu7hYdWiNxHNzmuP9PYKMx0kWgbZpuvlr7Lht2O0uRixGNZCwvcRpyHEnkAFzq3oS2kchj9oySPN2ZHC3ULETBwaB109TfRehCKoxvzMcm6j8DnH4HEzXkY5rT+I0T4v5k8+Cq4VWo7pMSxNGkutJL1DN3pP+5Kxta1x+o/UK+HR1Z76GKfTGHTtG8n4IzYbY2HdZEvaUaOUjQ8wSCR9FqpdHQktZ38jHiOmKtN6U7f8AsbbNmQN4RjzJP5CgfZbIYChHlfzPOn0rip/ut5L/ADMwcdWhoa1rbvQA6VQHUABXR6ssijZW3/BVKOeCqSqXk3a2t7aa+pEpsaq9GdKzKOFg7Z37rHexFn/isdRLiI9iDfB87e90Y9ni3f4P881mbPVZauIr/P8AP7rnMctFTiMz3hrKzPLst6BrWNLnyO8A1rncL00BNA1Yirkj4vb+RSp8WeV7Lf8Ag0oMFEMWztZHPwzoW4ntBna54f8AdgZWu4iY5KJPymyvKbu7s9NJJWR5202PtZIA5xGEeTG/5ns7Ou2j0y5gDmI+UWBVW5WQebzWxVJKDutno/XmW2yXtkjbIBq4anmfNepGWaKZgnG0mfU/hfhWAyyNHeDWsc7X5i52ZvkBGw/zrz8XfieBtwrTp+Nzv1mLwgCEkoAgCAICHOAFngE3IbsfH8fvJHtCeRzHfIS0NOhDQaDgOh434r6PBRhCGRb8z4zpZVZ1eI+zy8P7DJiGuaP2uJ8Oi1uN2n3Hmxm4xaXM5je5szck0ILsndLAHEnMRfDQCuZ4UsWOlOCUo7cz2uhHTblCTs3sVuC2jHJH2mfKCS2udgAloA1caI8NRrqs8a0ZRuj23ScXY6jYuwmuZ2xhjDnDuBzWlw6Oca060PUlVtQvsWdZR3NPau6csx70jspLS9rXBofR4E1f6aDTQKKtGnUd9jmnOpDTczQbAhiArBQiuBLmPd/vfr9VQ8KuUvgtVd80bhiyihEAOFNcD9G2pWBk9n8Fc8fTh2nb1Rmw+yXyjN2QaPxOkNH/AGkn6Kfomnqzn/qVNq8UbeH3ccAXGSUVqwRve0t8jmHHxVqwlPaTb+xmn0jX3hFL5b/BhfsbJRbhwC2zmc7M+zzJta6WGw0NjzK+Px09dvY0wAxxIaATxoAE+ZHFb1ThyR5k8RWnpKT9z00WCS5vHQOcb8hyrnrS5cssrWZKpZ4Zm1fz1foczvI/ElwGHotkaYng1Q468dLvj4LNi4Vm1w9noz0+jnh4wfF3TumbWxcIYY6LQHONmjfAafqfVd4PDujCz3ZV0jiliKicdkiwAvmtbPO2BAquunuuWzqN07mvtKdsbSl7assoQc5HM4OQ5JsQ402T7tt/hae+78gvOVVNSqPyR9BwutCkuWr/AB/Jkwgmd3mtja2vmlkay74HKLdR8R6LMqspdmJudNLdmDaW1nRvETZInyE5MrWPLWkmu85zgb8KKrqV7PKtyVTVsz2NjaEE0eIixEUmHaIXBzGSTxxuf2ZyuFPI7pIc3x1VGMleq13aDAL9FS5vU7Bu7LMPhmFz5BFhZn4vMI2yHsWPMowx7+tEBxIuzfLU5TYUsWFwTMAJRHKMTNM14fiAM0wM7QTGCAQ10bi45QRrRcSAu6faRXU7D8jFuzhzJHYAaC410AoaD1tekrQikY2s7ufbNx9lfZcKLJuVxlN6UCAGj2F+q8+tPNK5rpQyxOhVRYEBKAICUJCAIDm97dtiFjoWf6jmjXk0OJr1Ia7/AArbgcPxKl3sjy+lsXwKDUd3ofIdqbLzHtIyWvabBboQfD+nAr36lFTXiuZ83hsZl6s9U90yy2bLI+IGVoDtQa4GjWauV9PBTTzW625mxVOnCf6b0fwWOBw/aPDbr/OSVJZY3OMPT4k1G5Y4zdDASgdph2W26LbZxNk9wizfNeU4xk9UfSxnOKspM02bo4JmjWSitABPPQ8hnXSox7iPrKmzfwjcZu5h2ixE8+BlkN+76UqMb2Dr1bXX4PbNmAcoYx+6A53q4q5OK2VzHPjVO3Ky92eJoMKGlpp18S52p9l3erIojHD0Xdb97ZA2hBGBlHDQZW8PAWp4M5bj6qlHb4Rgn2+a7rPUn9B/VdrCrds4eNb0ijk9vbzHg6Ro87I9Ggj3J91TWxFOjonr7mvD4SpiOtJN/CK6PGYnMQKc8UewljMMrhrfZng46fKdTytZY4+V9HfwaszZLouFussvindety52ZjGTsEgGdpHC6IPjpy10XpqfEgpQdrnjSp8Cq41I3PDhZuq19lZHazOG+49Zxys+X9VNzjK+Z6vr7DUlQ5C3ceMRP2YzO48hyAXK7zqMM7yx2OcxOfFE65Yh87z+Q6lY605VXkjtzZ7dCEMPFSl2uS5nmDAfa5BE0u7KIDu20Xl1DSTx6nzHPVY6uV2jfqo9HDxkoubXWe5a7XacNH8rQ4imAFp18gTQ50uuImroODurnGOwIgnw7iSS6QF19Q5v9VhlBQnF+JfKWenNeD+zL3F4qOTFCCXCNcIDI4zdpKxzI+1fK55olvdzGu6SdBqSAucT/wB2XmME74eFu5H0GXaplaJsO9gxD4BicO2dsjTRkAdn4MzW6hqNSNCNVQaDldubDmzwY+YOa7EubJLEXOe5jmRvlOS+8G0wjIflcaFgiuoLrI5qdlnb7jbnyiOLtmlrGNa51/tnQltdD16LVVrLZFNOm73Z9QWQ0E2oBFoCbQEoCUJCEGLFyBkb3F7WZWudnf8AK2gTmdZHdHE6hAfCcLt04rH9kZ85e6S3EOLJMrXHM22tNaCuHsvUwmIjfLFWPK6Qwuam3J32LbGmON5ZnHhmoX5Hr7L2YTbV2fLVMM1JqnrY4rfTeCRkpw8BLMgGYg0bI0bfL+68nH4uUZcOD82e/wBFdH03DjVVe+yfKx7kx4wJjfFjxihICXAOdmjLQ2swJOXMTwNEUePFYaOMqwldu65p6nq4ro7D1Y5Ulfk0rNH0SbaEhhEheAHgZQ0ausXqTw01XvQhByskfKVKlVQvJ25aFV28+VzmOeKHzacehJ4+SvnGOxRSlJalMcfjqp0j3GzrlZw9lgq4fE5nkeh7FPEYJx66183/ACe2bRxNasJNVdMGtjX5eNAj18FVwsb3lnE6M/8AH/e5sw7SxNioH0ByczXV3E5dOIH8t81y4Yzmzri9HLVL4ZnkkJrMQXUASNATWv1Xr0YyjBKW54FeUJVW4Ky5FVvBtAQRWTXLrqfDnQs14Hqs2MxCpQuaujsNx6qRT4rZseLn7KNp/wCkmZ2pzWcRhZMpdi3G6IGp0FBk0YGjSV83KTk7s+yhFQVkrGWeDHbT+y5WEO7OXFvkohkXaSENNjUdyBrqbqbJAvVcktGB+0HwSSd5rXvzl+ja7VjnMkLQdDbmk+Nr2cPXSp22ueJicNxKnWV7P4N+CZz9e7fibPhpyXowlc8upFQ01+xtOe1ouSSh4uDB7/3XTaj2mUqMpO0I/k8DaTK+5YX/ALw7rPWR2h9LVbrL9iv9vctWDk3+rK3hu/ZFTtDaMfGeQPP/AI4rDR/E86n0VE6qt136L+TfRwzjpSj6y39EU2M20+X5WnK3QNY05W9OHErJUxaekPg9Clg1F3lv3vcs9k7ZliZlhw0ni4ZgXa3Z79XfQLPe/wC1mv1MOK2y6STNI19t0IJzUf4ufAeyObWljnKt7lft/EiRjC0EZXWCdPb6KitVzKxZTpuLuzpWOw78McVOxzo8QGZjGdTLAcxw0v4GSUDfgDrQrrENTtUXdqZ8JF0r0nybt5GzGx+I2ccXM5rScPisORVAF04cxrR0AaGtaOVAcFlNp1XwvgnlyYjGuLxA0xwB9Zu9Vvd+J1NaATqAArLZVruypPPLTZff+j6ozEArgsMoegPYKA9BASEBKAlAEBr4+SNsTzLlLA1xeH0WltahwPEVyQH5a2Ft1sG0HyywhxzPbG2MMiax7n5RwAAZlLm1ysHkraM3CaZXWpqpBxNneveIS6ND2lwOjq01IOoNcuK9Stj4Onlje/keRg+jJ0puU7bmjuS+sdGC1rg5jh3hdfcF1t6Hu1fQnqvGbPcsWO8Wz24fDwgRtDgXGV445zZDP4aa+q5NHAk5oYNrZ3xFYI445IHdwNbQIc11ChYP5L2aWPppdZNPwPn6/RFWUm4SVr3szpYfiC0DWPKP4NPorFiMLL9z+St4LHRWij/vUuoNviRocGRkHgQ0ajw1WtUE1dM8yeKnCWWcVfyIl2w4Dusbfl/ddKgubK/q29kvYrMbtOR475FDxAAV0YRhscuU6rtf0RVjaP3jW0CHWAR4CyfIdepCrlXSkormafoXwnN6WKXbUUOJw/b4nEPiY3siOziEjnmcyFjaL2gU2E63zXiY6q5qL9T3ujKEaUqiXJpfGvydbuXs7CSYVk0eeUujfh80zIxIY2PIDHMBeMhLy2nXbWtHAUsB6pobx5sO92KjmfM7DtEbMJC5rGYJpb3jiGxPzFmmtUDQDiB3VBJwWImdiJ4XSnO6R8kjjQ1uQ8gKqwdKpX01myp+JS3Zya8PsdO7CsylrRkvm3Q+4okfmvQUUuzoY5Ny7WvmcrisZJDIWiOMOaazfMT0OZ1urmqHWknZRLOBGS1bt3bL2VjC6TETmi5zvKz+am9ae7JUaNPsoyR7IdxfQ/iP9VHAitZyOuLJ6RRsNhiZxeXeDVDr0YdnUcKrLfQ2WTvNZQ4Vws39NaVE8XJ7KxbHDxW+plbgnyGyHEnnqSfU6rPKbluXKKWxhxG6GIlNxxyuJ8HEfkuSTod1t09rYfMGQh0clB8UoBjeOWZrufiNVZCcolc6cZLU6bZHwyfnEksWHi1umlzz6Xo30VnFX7YpMo+nk+3Ntd2x9B2fu+yIAC9FU3fVmlJJWRbRYUBAZ2sUAyAID0AgJAQEoCUB5KArNvYNmIgdFI5zQ6jmbxBBsHofIqYycXdENXPiG1t2m4eY2ztBbqkbQDLFXkcbvXkVoWKV1miVOg7PK7HM7V2HzBBAFA+HTVav0auqepRerT0kiqjbPhpWva1zS0UDQ0sObwP7prgslShJPRaGmFWLWrMm19vSzxBkh+QVwouJ0zO6kAn3VDi1uWJp7FJhqzC+HlaElk+RmUgON0dLIHlXBLMXR1O4u1WiPsJHURbm5tOLjYBPHkfUr2ujcQnHhye2x8301gpOSrQXgzptpYgCJzhI1la5qzAC+gNnpovRqyywbvY8bCUm6qThfw2OExO8LRIbY6X8Lu80E/wusj0Xjz6Qabtr46n1VPo+OVbx8NH8nrZfbYiQ4iTuMha4tANDQE5R1H9+qqoxqVpurJ6L/WJxM6dGCpRV22l/bNmLG4oQ4YYI96YNiy5I326MuDKztNECR2orQlVVtaVOXhYsw3Vr1YvvT90dPhduydhP94yVsMb2QveCftEsDTLiZG5XD7kaNFcLYRRLrym41YdtYKPHvmfAY5pYMPKJGWQ908UMzy1o1ZM4ktzCwbN1biWrIbS1ZxO0cW6TFOdG1tttvcpoBLi5+XoM7nV4UtClllpyKYq8bvnqWuF2k5jAHNF+L/8A9V7xEUtTjhNsPxOc5socQKFMafcuHjyKrlilyR2qD7xFgcZM6mdoGnQNbmNDos8q05cy6NOK5F7s74eYuXVzH/zafmqrNnVzqdm/Cp3/AHHNHlqpsLnT4D4dYaP5rd9ApsRcvsJu3h4vkiaPRLC5YMwLBwAUkGZsAHJAexGEB6DUBIagJpQAgJQBAKQBAQQgPDmWgKfaew45hq0WhJxe29zdDlZ6hRYXOHx+7U8fyXQ5f2XUak47MhwjLdFLisHK3R+Hid5so+7aKs+qnz1OOBDloaLmRj5sJR6tkcP+QK6WK74o5dDxPUceGcacJo75nK4e+isWIpPdHDoT5M2zu3AHB0b3SVroBqePC/1VsYUJ8/k5c6seXwYdrNlcCxuz2UP2gw359R7qudJp9RaeZZGsrdbfyZp7E2bpI6aNzMtBuYvbqQ4nnrwaoo0Xd5kKk9OqZNpYFjwezDQNOOmta666WlSn1VqIOzZm3U2iyEuw0sojOZskOIbZEMoFWfxRuBLXDp6qmMtMjen5InDrKpFa/gtM0zcc2aaFj4WRyxdnh3MMRbNFIHFpe4XmfKXG9dSOQXX09TdbHP1lK9m7P1Mz9ly42TtcPFRbGyCPLThG1jcgcXAAOfXQAN5Wodqe2svsSm6z1Vo/L/ozbN+FuKcbc0N8yP0WezNTaOt2T8K2s1ke0/yA/mpsRc7DZm5mGh4RtJ8Wt/QKSC/gwLGfK1o8gFINgRID2GoD1lQCkApASlwFACAlAEAQBAEAQkIQEAQHmkB5LEBgmwMb/mYD6ICuxG7WHf8AsUliSrxO4mHfy+gUWFyrxHwzhPCvakyi5T434U38hb/nmmUm5Uz/AAtxQ0a80dKB/oVFmthcwM+FWL4ZtPOlPW7xdFpgvhK4/wCs9teGv6JZ8ycxdYT4S4Jpt7Xv8yAPoEynNy+wG4ez4dWYOGxrbm5zfXvWuvAgv4sE1ooNAA5AIDM2EID2GID0GoD0AgFKAKQBAKQBAEBKAIAgCAIAgCAIAgCAIAgCAhAEAQBAKUgUgIyqAKQCkBNICKQE0gJQEUgJQBAEAQBAQgCAIAgCAlAEAQBAEAQBAEAQBAQgCAlAEAQBAEAQEICUAQEICUAQBAEBCAICUAQEICUAQBAEAQBAEAQBAEAQBAEAQBAEAQBAEAQBAEAQBAEBCAlAEAQBAEBBQBASgCAIAgCAIAgCAIAgCAIAgCAIAgCAIAgCAIAgCAIAgCAhASgCAIAgCAIAgCAIAgCAIAgCAIAgCAIAgCAIAgCAIAgCAIAgCAIAgCAIAgCAIAgCAIAgCAIAgCAIAgCAIAgCAICEBKAIAgCAIAgCAIAgCAIAgCAIAgCAIAgCAIAgCAIAgCAIAgCAIAgCAID/2Q==\" alt=\"\" /></p>','https://aru0828practicebucket.s3.ap-northeast-2.amazonaws.com/2494ac23a0694450afcf58f8220bc319','2021-07-05 02:36:05','2021-07-05 02:36:05',NULL,''),(19,1,'tomica 22','<p>Hello, World!</p>','https://aru0828practicebucket.s3.ap-northeast-2.amazonaws.com/48620200979d2e6e7e5e69458b7e3fea','2021-07-05 16:38:33','2021-07-05 16:38:33',270,'買了一台tomica'),(20,28,'0710testgggg','<p>Hello, World!</p>\n<p>&nbsp;</p>\n<p><img src=\"data:image/png;base64,iVBORw0KGgoAAAANSUhEUgAAAZ0AAABDCAYAAABHnNhJAAAgAElEQVR4Aey9B5hV5bU/fDT3JjfXe/83RaPGxJioufdLbhJNjEZjAxUExa4RsIARu1hiiRqxJgKCBUQE6b33PgMzDAzD9F7P9D7D9DN9hvl9z28ffoc1mzOgKXz/797D86xnvau+a6333e+avc8+B8+Pf/xjhCBUg9AeCO2B0B4I7YGTsQc8J2OS0ByhzRzaA6E9ENoDoT3APRBqOqE7vdCdbmgPhPZAaA+ctD0QajqhzXbSNlvoL93QX7qhPRDaA6GmE2o6oaYT2gOhPRDaAydtD4SaTmiznbTNFvorN/RXbmgPhPZAqOmEmk6o6YT2QGgPhPbASdsDoaYT2mwnbbOF/soN/ZUb2gOhPRBqOqGmE2o6oT0Q2gOhPXDS9kCo6YQ220nbbKG/ckN/5Yb2QGgPhJpOqOmEmk5oD4T2QGgPnLQ9EGo6oc120jZb6K/c0F+5oT0Q2gOhphNqOqGmE9oDoT0Q2gMnbQ+Emk5os520zRb6Kzf0V25oD4T2QKjphJpOqOmE9kBoD4T2wEnbA6GmE9psJ22zhf7KDf2VG9oDoT0QajqhphNqOqE9ENoDoT1w0vaAp76+Ho2NjSA+dOiQgzmuq6tzxpIRNzQ0OHzxSFOX2MpJW55oi+Wf9sGAuuTTL0Gx0Y4yYsmkS33xpUNaNuLRjjzqkye+jcPKNb90SWtMPdKK1c5FvnSFNScxc5If4aamJocnfWKrR1oy6qoutCdfcSsX6VKuuTWmLn1QRzKNrb1yEpY9sXt8Ih3NJ8x5aEOsWOWDNPU0B/kE8qVDmfjyRR51BKTFo46lqUOee37NIzvZSNf6GWgsG+LOzs6g0NXVBYF0Ojo6HF1iykRTTlp6bmz1JBtI3/I1tvYaSyZMvsaag1g82ZHH2toa2DHra2vpHlOXPK2h9rnWXeujOWQvPu05FmhuyYlpY/nyQWzlnMN9DVo7ymlDTDvJSBNIC2tOYutTNtrv0ie2eqQlo67qojkUN/0rJvnW3KQ5pq69DuVDtrJXTsKyD+a3Z8tr6N36JwcGGnuUAB0oYDm3gXGsSYTFU+KWtjrkS2bno4740ufcLAQxdSknJi2gLnmc1/qz81BXtvKtBSVtx6SlrzFpjuWfvqRDnvjClFNfYDeKZNS1McmnnUdzSGb9KyZiy6eu/IpPn+RZ31on8jSP9KmrmohHPYLWQ/OLTz36pFxzEQcby0ZyYvpTHPItW8UiPXdMoollwzlEC8uvnV96kgnTj/WrsfxTT2Ni6VtM39SztpTbA9qOdUjr0JaMfMnEI6ZeML50JJM/0ZITW570LN/KObY61o/GVt/6YS1UJ2LVnVggvmjWTvtNa0hMvkB+Qtd///qyTtp3rJFqK97JuP7ZaNRs7Ng2IudOR8EpKC6ueBwzaEtTT5uEfMmItTEsVjHcfkRbezt2yzWnNh11BdRVocmTrWyUh/TElz0xdeRDY9Gys34HstFFozncvoL5FE82ou2BLhnnJZ/rQN82B+nInnLGTH0rs3lIl344pszGbO00po7s7ByyI5Y/6Ymmrewpk66w5qC+4patlWlMTLnsiclTHm4sX8KSi5Y/YfIJ1j9p2hHsGpHW3BqT5mGshiE80KEt/kDYfcgHawqaI5hMsbj9y68w5RxbH6StPJgP6bBeBNWJWDUWX7W1tdZY+rIhX2BlWgvZibZ2mo928mH1qUsd8TQWLTvNK770rD33g/jUs2PFRGx9yh+xgDp2b7n5/zde/wM1HNuAAo/XlLQtCscCJewuoNW3OtSTrXTIs4UW3y6kfFBmfZDvpq2u5hJPWHOQ5ljzS05a89s5pS97aycb6tic5JM2AvmhHseaS/7ceuJzQ2lMLKC+fKkedl7NQSw92tCfMGWkieWPmCCeHSsOyiTXxUAZdaXDMecV39pI70Ry2SoG+lAuHNvaKB7pSE8+iMUj1pj6wYD65MueY8UtGWmB9ad4JROmjpqADmQd6Dq07cEuntXRQW/trV6wsXzK1vqTjDw7DubH8qwvy7djxaj8VRfWQTW09bVjrQltqC8f5Ltpq2v1xCfW3BprfumQ1vx2TunL3trJhjo2J/lULLKVX8o1l/xJV/OJb/e45pMt59TcmkP2mkNy8U/W9W+bixoQ73Is38PDg4EpSHeCtijSU/I2YSUnHdFKVn7FF6YPFdFtSxvJqKd57UIrBrcf2QlT7gb6Y3ya1/oiT/PIjvrSlVwy6tq5FCvl8kMb8llzYqsvP9KnLsd2PtGyFS1MvvTJI00YSK54rJ7GxFZOH/KjMXV0cZBHWjrKjT44Fi05sfZGMJ7mJpYP6lk/HKv5SU9YPt1zuNebetJVzm4fojUfsXIlJi2gLnmqi2zdhzJpe9gPNKaePeh1oLvtpUM/8iVsfUhPPLeO7C2fuhaOJ7N6rKvqz5oQWA/VW7Vn7VQnYcpUW9mQJl/1F1/Y+tFYWHNZTH/u/SBfxJpHNoqfMsklo66dS7FSLj+0If9/8vWvRiPsbjjkB+50WBgWSJtERbWFlMwWmuNgi6BiW7ltcPJBW+mIR6wNYXlW1461wIpDWDlJVxtM+pqXNHWUq9tO9sezky/qSk/+RFMmX8SaR3rKVXzrS3Z2HutDtsqFWH7kXwc0dSVXbG6e9WN1qCe/HAeLgXwrk75y0EUnHfmXXPESS0Zd0vLlthVNH7Jx5yv/1LVAvsDth3zNKR0bl2TEGlPP+ufYNgt7MH+RA9yt46blzzYUy6O+tVEs0qdMY2HaS8/60ljy49G2HqxJ6Pr/n3/9645GTScY7bxIoAuEFys3ii4aXbzk2QtYF5/Vo65ot1x8XdDCspFcTUHxkFY88kmZeMSiORafupLJdzAsn9RlLMpRfGHOQbnitXqUqRlLLmztNbZ+aKv4ialDTB2bi/SsLeXKUbaag7SV0c7Nk41yIS2ee0y/9CH/opm3jUn20iVWnMS0c89HG9WPcvmwc4kvf6LdWLacSzGIR10bi1tubTiWnfTcc5FPHepSJrnVt/PZQ19jYR3g9vAXz2J7wFu+u1FYv24bt8zS7vklo3+N3f5IUxZMrpoIq6bCtlbkcR9YXdK2vpKJR6w1UK2pQ5BMNsGw1WUs2pviC3MOyhWv1VPc0qGN9Ky9xtYPbQjuWKlDnmykZ22Vr2TSJbY+Oaadm0eausqFtHjuMfXow85BOtj1rxcGhN1Nh3yPktOEcm4n5mQqjPSsnDIdHJIrQNJKLJgfN8+tq4JRj2PFK6z5FJ8KYfm0U17Sk5x+ORZwfukLi0cd2rvnUGzySR0C+fKvsXTpg37dcsWpeOSHNGWaQ/7Io474srPY6oqveYTFl658kk8e9dxzSZfY2tux4pcuZW6e7KVDTB2BaOuXPMZDHsfWr+wkJ82x9OTH8u1aSFf27vmtvWTEVp/rS/+aU4e1PaB1UOtQl8w2Edl9ESx/bl35tXzpuucS3+py7NazcsqCyZU7a6t1Yk1UP8oJlufWtTXlWDUVdvt1X5vUox3BPZfmVzzEnF/6wuJRTn/uOeiHujYWxUeZ+JqPuv9Tr/9gj9PUgCTz2IKxOBYoY8G1cJKRRxn55LGAkhFTJiwfWkAtBuWyp45AfOtDvuhDesRaaMrtmDTBHZf8WCw769fm645DtgPFTrn1SVqg3OVTvqgvmXiiqcs8ZCNaPkkTNCf5ii3Y2PrRWHPKj/jyaf3Jp2TSlQ4xQXKtAWnpyIfdRxrTH4G6wtQXyIfm0DzSJV86dk7FYfU4pl/J3HNQLn3JiOVfchu79ORbWIc0D/VgB7TkFn/RBiB/bn03PZDvE+nRv9XRWPMKW/8c2/pwLbQeqom7jpavscW0Jy0grXrbsXjudSXf+iMtO/kkZlyWb+00Hih2t0/SAtpoHvFIcy7JyFcM0mUeHEtm85KO4qWOYgs2tn40ll/S9CO+fFp/8imZdKWjOxs1mGC085kODZU0xwQ55SQEXljE4tvJyNOkHAfzQbnmoB/qkKa+9alxMD+Ky2L5kj/NIVpy+RVNLKAuQTLRwuILW11tCMtjrRgH9RWPNgrjsIcU7ZSrdDWP+KTFo758i2fllGkuyWmj+LSOwfy4eW5d1ZB6HCteYc2n+BiHtSGfNME9F2mCciHm/NIXFo9y+nPPodhsLIpP/jWXdOmDft1yxamY5Ic0ZZpD/sijjviyI3YfyDq4yddY2K3rPtSpR3Dz3XaWpq7Azikdty93LKKFrZ2NxcpVI+bPutj6sWakqSM9rQf1ybN1JU9yi8Unz84hWnLNIZpYQF2CZKKFxRe2utw7bj3uJcZCfeVMPdKMQ3tNdspVuppHfNLi0Ua+xbNyyjSX5JqHNOcW3+3H7dutqxpSj2PFK0y/AzUb8Yk9H85ejI/nLAUx4aPPlzggmnj6vOVYs2UnMrJznYQ4KSfQZMQqkGTEGruDpa0bqKvFkj51tECcg7QtKGna1dTUICMxEZsWLcLSadOw5KOPHFj84YcBzLFoKxfPjamzbPp0hK1bh9yMjH7z2viUhzsuxWax7FQbYtXO6pEvv9KRXLaSW5/iEWtt3L6oL5l8iqYu85CNaPklTdCcmkdy+rFj60djyq0f8eXT+pB/K6uqrERubg4SE5NwIPogovYewJ7de7EnLAK7d+3Bnl0R2BMWiYiwSESG70XUnv04EHEAByNjcHDvQRyMOojYqFgcjIjBwT0HcHBPtB92R+MgYc8+xMfEIjc3F1VVVU4+jIkxKA7GTJ6AcVKm2LUXrJ49pDUmdh/2J6LtoW79dPJXDNrbQdzR0oz2hnp01Nejra4OHU2NaG9uRkd7Ozra2xwdO7dtGv18mrfWFJedXzxiy5cP99qSVg21T4Qp+2uvf/qgvXxorbge5FHuLavGC9sLcMmSfPxsVSWe2VOFqMI6lFX33+/yRR/ySWzjtmPFrzUXLT8Wy876ZYyWb/U11r5SLrW1taioqEBZWRmKioqcvZqdnY3MzExkZWU5dF5eHoqLi1FeXu7sY9ooD1sX8kRz/Lde/7qzIbaNRmPyPZ5zL8WJ4NTzfoNv//x6XHXnw1i/LQxMgAVRsCqKeCqWxUqGBZa+MHkqKG0I5GkxSGsuWyTKy8vKMHfyZIy8+GJcedpp+JXH83eDX596KgZ/+9sYe+WVCNuwwWlujEPxKj7GZMeklY9yVC3ctNVV7uIJy1Y+Nb/kpDW/aiUb69PayYY+bE7yKTvrh3qUay75ky5lHIvPNdeYWEAd+VI97Lyag1h6tKmoKEdaair2RiViw7okrF2WhA2LkrB5fiK2zUnAjllx2DkzFmGfxCD842js/mAfIiZHYu97e7Dv3XBEv7kLB/60HTF/3IrYP2xC/DPrkfjEGiSNW4mUscuQ9sASpI1ZjNSXViJl4z7kZGejtqbGyVm5KT/GxXxI29gll0xye8hrHOyg5gGuw1xyYvGs3Dnc2Wxo09yMlvQUNGxag4qP3kP5W6+g7s2XceiNF1H57quo/GgS6reshy83Gx1t/sYjn4rH8WcajaUVC23s2G1rfSp34n/U9U/fBNbbrpEdZ5RU4aZ5cfjKhD045Y0InLOkHD/e0oqfbWzCqD2H8HFMZcBWa8n11d7UHJRp3TnWGrvH8kE760P21p/VDcannHxi1rCgoACFhYXOWURee3s7uru70dvbGwDSXBefz+fYsDl5vV6nSckXY1fNbE4DxUM76lGuvGVv41azUZMhdsMXajpqSmw+Q0Y9gbSMLCcABiFQsKSV2EDY6jJwexsnGTHtKVdyVo8yNr81c+bghrPOwiWnnPJ3azbuxsXm88iQIcg+csejHJWfYiZtZYzbzZONciEtnntMv8pdc5DWYS6Z7EUTa12Iaeuejzb0I1thzSNMvvyRJz2LNeZcikE82thY3HJrw7HspGfnzM/Px97oZMxbloq58zOxeG4WVs7JwvrZWdg6Mwu7ZmQifFo6dn+QgojJSYj8czz2vhmDfa/tR/RLexHz7G4cfHIn4sZtQ8KDm5A8ch1S7lyFtBHLkDF0IbIGzUXO5bOQ++tPkHHvPKTuiUVxUbETE+MSME7lJR5ryRqTLxlzENgD3I51gFveQGMd6LSxdm252aic/DbKHx6JQ6NvQ/EdQ5B/2/UovH0ICm+7Afm3DEbxrYNRfc9NKP39vaia8i5aC/MDj/zkV/OSdvMoE89it65k1NdaurG7Rtqb4gvTTvUjz+pRpv2rvSJs7Tm+ZW4sTv3TbniOwNkLS/Djzb4j0IL/3tyM6zfX4kDh0Zc/aMc53DFoL0umuaSvPSw7YssjTV3lYv24x9RTTsw1LS0NpaWlaGtrQ09PDw4fPgz3v76+PlhgM+JasAHl5OSAd0CKR/VT7MRuYEyMgTZWT3nYmKmjBuNuPqTF+1JNh82Hdzzzlq5xbtkUvLCCUoCkNbbB20CpY5MiLZCe5PJBOcdF+fl47vbbcclXvvIPazhqQNd++9tYs2ABKisrA5tRcRDbGpC2m4q0Ng/jJi0bYcqtTGNiC35fDaiKn4jiBV9D8XzPCaF01QU45N2K+rqjn7HIP/3Jv3KQTHyLpU+sMeWy5UYmX/lYX9QRX/ayI82aUU4fVk/zZ2ZmY+XWVExfkonPFmVh/oJsLJ2fjVVzs7Fxdja2fZaFXZ9mIXx6OvZ8kBpoPFFvHkT0mwdw8NV9iHnO33jiH96KxCONJ/We1Ui/ZRkyhyxE9rVzkXv5LORcMQPpc8KRm5njxKL4FK+w8lC85IsnHcavA51YDcMe0JJLRhxMLj3itooy1M7+BGVj7kLZPcORf8cQFN4xFN7brneaDrH31uvgvWUw8kYMQv6t16Hg5kEovXUwSsbcifp1K9FeW9MvNjunYrFzciwdN5ae+KyD6sEasEa2JqqT+KKFte6SywflHLv1xHfsGhqwP6cMv54eHWg2gaazwDYdNR8fLlzbgMXJVQG/jJVzE9xzaX5h5SW9v+f1zzMnPT3dubths+nXVA73oeewq9H0HUZ3bw96Dx92GhObE4Hrw8dx/ONNj9tszZSDcnLqGOT8kTyYrRqL7nRE/01N59TzLsNLb09Bbm5eYCE4OReGhwWLrWCIJROPATM50bSzSUhfBZCeuwDkp8bH466f/vQf3nDYeC459VRMevFFeI/8pcD5BTYn8YjdeTEnAeXK0erZeli/snPkdTUo3zb8hM3GNqSSlT9ETdZyZ500n52fPPd8jNHGw/WljTs36kiPWLmpiZAXbC7FIUw7N8gf+SlpGfh8Yzo+WJaN6UtzMHtJDuYvysXSBblYPTcHGz7PwbZZ2f7GMy3D33gmJSH20zRUJdSgOq4KSe/H4QDveJ7YifhxW5H61A5ULs9AznM7kDZiqb/xDJqL7Cs+Q/qfNyMrLbNfzv3W4cheJk9xSq48dD3wgj/RIe4+tEUL056PUzo7O9CUloyK155Dyb0jUHDXjci/cyi8dw5FwZGGQ1xw63XOXU7+LYPgHXEtvDf7Ic/B16Do9utR+epzaMnJQntb2zHx2XjZSNRMFI/F1KXc2qgGqo17j5GmzL3+5Gm/0IfsLLa+xdc8xNG5Ffjp1H045bUweF7tD2fPL8aPN/qCwi/WH/2jQX5tDBwzNs0vmZsnvtXT3pAusZ2DurYelPGzGz5OI593LWogh/v6UNrei7VVXVhe0YnCtl6nybT2dCKsKgOzvZHYVpGKlq72gA2bFdenurraueMh1vzCNjZ3PF/k+g92p2MbEJvPl77T4d3Ok398G6mpaYHCK2AWhsBgVWDJbPHJswVXoS2POrSxfzGIJ59x+/fjlgsu+Ls0nd/8kwfXnebBJacM/JnQm088gfS0o3m7c2IeWjQbK/UUM8fUUZ2kJz5lweSWx3H59ltROMfzhaF06Rno9L6HvuJJAThcNBECy7fjnrK5aKovD9x9cG7lwzHjF1aOwtK1cvuHiXJmLQSyJaZcQHlSWgZmbEjHpJU5+HBFDj5dlovPl+ZiweJcLFuQgzXzcrDx8xxs/ywbYbzjmZaOyI/TEL8oBx1NXeg73IfS3SXY/2IkDjwTjrind6F8Yx56fF0ofP8AUu5cifSb/Y0n89o5SHtzIzJTMgI5uteMMSpH5WKxzUUHtA5n0W7sPrjtIU5dvgzQnJ6MkkfvQ9HvhiP/rhtRcOdQB+fffoPTaJyGE2g6g0zjuQb5N12DvBHXIv+mq5E37GoUDr8G5ePHOXdN/GyI8x0z55H/akGxDpSDtWUedt21jsSqm+rDurp5pKl7vOtfvoi1NhzH5pXju+/uwSmv7jqm4bABselcuNE3ICguYe5ZxSPMeSyQzxi0H6RnscbUUbzi0Rf5Aso5L+9wONbjNDWd5u5eTMhrwzUxzbg6pgkvZbehqbsXcYcKMDRiCi7Z8SYGhU/Cjoo09BxpVmpaXCfePWWYjwsUD+PQmJjxERgLaZsfx5QJc6w7GmF3w/mrm87jL72JtLT0wF2NDZRjTi5sAyJPQUtOTLAJSaakRQvLf8zevRhx/vknbDp3nuXBwxf6YdT3PbjsK/0by5Vf82Dd/R4cet+DtaM9uOKf+8v1iG3CY48hIz29X5GZj/6iZ1yK2eZpa8CxdJiP/hIWli51lC8xQTzqFG28FTmfeL4QFC78LtpTxgO5zwC5T385yHsOrTWxgc2n+IkZk42X8ZG2PNVEh4dyUg2Uk2i3T81DP2w6H29Kx59X5+L9Vbn4eGUeZq7Iw5yleVi0OA/LF+Y6jWcT73g+y0LEnFyUptQhe1cpMrcUwVfTjtxN+Yh6dR9i39iP0m0FONzVi77uwyj4KBZJ965Fyh0rkXbzUqQNWYCUdzYHmg7jVyzKjzERFDP5ylO1oIygA9tpHOb/yxFfB73uJtwHuPRaykpR8NLTyL/7Rn+juWsY8u8ahoI7hziP15y7myN3O/xcJ/+W65B/62B4nbuda+C9iXc7V8N709XwDr8K3uFXo3jEINTMmIqORv/P9dhYbBPkWPExHum5x4qVtbG1Up1UE9WOtLtelNk9IV3igca1dfVYm1iEM9/aA88ruwaEs+cV48INvgFB8QgzB4I9eBWH1lyxCpOvPDm2+tKhXNe9sHSJ+RkO70bcDYeNp7C1G7cntuDS6CYHfhvThOK2HiwtisEvtk3Az7e9jou3v4H3s7ajo6crcLejpsW14+dDfDFB9WQ8HNv4VAN3/MpP8dKGoGZDrIbjvvvxeH5w2QnfXtOLBMJsOsnJKccEq+AVgLvoClB86qvYsrUyjYkpl70Sjt2374RNhw0l6ikPej/z4PBn/sYy4vT+TeXGb3iQ9ZoHmO1B/pseDP9mf7mazhuPPx6403HnyBjJY2zCNm7lojyFLZ885Sk+Mf2Jll1T2nto3nfnF4LOlMeA3PFAzhN/BTyJ1qp9zvw2Pq2BeBYzVtEcB6uJ+NJTPUm79wTtCYlpGfhgSwbeXJeLv6zNw5Q1Xkxb5cXMFV7MWZaHhUvysOxI49m9uhDpEZXIiqpCa30nCqOrELcgG1GTExA9KR6VsZVOw+EHsWw63k8SkPDgRn/juXMlUm5eguS/bHWajmJjDIpX8RNTTj4xdXg4kU+e9AY6mC1fh7gOdvchT931yz9B7G2DkXbrYOTeMcS5y3HudDjmnc4R4B2N98YrkTf0t/AOuxp5Nw2Gd9ggeG+8BnmEoVcjb8hVyL3hauRefxUKbhqM2gXzAk1FsXBOxkGaYGOjLBhIl7krf9ZC9ROfPPdaW1ldfQNmxFbg9g2FGLm5AHtyq1B3xA/1VG/hTyJzccabu+H5487jwtlzi3Hhet+AoDjpl8AYtZakNbfGipk0bYXJV97SkR9hyyePwP3DZsCmwFryDsUN1R09GJfmw2VHmg6bT2Zzt/NYjQ2HcNH2CXg7fSPaujuPsac/Pqrl5zvux2yMiXkoNmHFR5nk4gnbZmPHtgF5/uVXd/9VTYd3OgyGkwULkoVXIMRaOPFlaxeJepQrSemS706UOrzTOdHjtdvP9KDkXX9DYVMhfHZz/6by2696MPsWD5Je9GDGcA/4qE2NxmI2ndSUlEDeyk/xktbYYvGFKdNYB5TlsVbMlzpaXOqRZk0o7yqa8SUayONAzmN/NbRWRQVy1joyXsWoXNw8t67Wk3ocKzdh+ZFf5mxt2HTe35aJ1zfk4e0NXkxcl4+pa/MxbbUXn630Yu4y/x3P1vWFqK1qQ2drD1J3VyA9rBz5MdWI+Mj/ckHR3nL0dvnf/GkuaET5riKkvr0fcQ9vRcID/saTfPsKJE3ajszUjECcdo04Vh6Mk7m65YxdPB3eOqR5mGgsbA918YR52KfU5OPauY9j1R2DkHjTNci87Tp4b7/B/3kOm84dQ1FwyyDkjhiEvEcfRM4L45H10lPIfOp3yLj/MmQ+cDmyHvwtssZcgZyxVyCHeMwVyH3ocuT//nKUPDcUbZVe5zMjzqsGozFp8dzxi694Ked6CrQX7HpSxrXWXiCtmrFucxMq8G/Ts+D5KBOnfJiB78zMxvYs/3enKJctbRZF5+Hrr+2C5+Wdx4Vz3tmDq9ZW4cJ1vgGBvuWfMXGsuEUTC6QvmWhh8YXJ1zjY9c+8+IpzS0tLv2bBOx41Hz4yi2vowuu5bXg03YdH0nzO3c+svAin4QSaTtrATYf+2HBKSkoCe5xz66xRjDYPrSN51KWO1RvoTsc2IM/3n1mDU354hdN4vvrzEfiPoc/jm7e9jm/e8if86xUP4pTzfnNMU+KdDj/T0WTaKO4A3EFZ+d+aHO2/yOO1P17iQft0D7o+9aDxA3/TafrAg8GnHW0svz7Vg/t+4MELF3sw8vseXDLAd33YdPg9EW0a5cOFYA0siEcd5aqNq0W0NHUIktFOY2Lq2sOtq3A6kP3ISQFfZaSz1oxBsRArf8XJ+C2P+gTxpSdsde3Y1kHzkMemM3FHJl7Z7MWETfl4d2M+Jq3Pxwdr8zF9db7TeNZsLkZFZRv6+vwvk7bUdaagqEwAACAASURBVCBqRT7CPs3E3llZKIiuQm/30VdN69IOIX9VDpLe2o/Yx3cg7vdbnMaTcO9qJEzZiczU9EBOjJFxqA5cY8UnHjH1yFfepHUY63AWtoc3eeJLX7ixzYdHI2bgwuWP4YnnbsXuG69Eys3XIIdvpN0xxGk+zosErz2Pij1hKC0sR0ltO0pq21BemY/KrI0o3jIGJcsuRfnKS1G15jIc2ngZmrb+Bq07L0fH7ivQF/1bdGVNQWeHD11d/R+fMQ7F6o5RfMUqbPNXnWxtTnS4jVxfAM+HmcfA67tL4C33f1ewvPoQnl2bgq++sgOelweGf3ltF66YHo392WV4NKoZF6z1DQhaY62pOw+bC/PRtU59gXiU05652r1BH5amDoF8ft7CFwhYRzWaxq4e5Ld0Iae5PyQ3diGxoQulrd3o6O6Bu+m8lbYRrV0daO/qRFFLLUpaDqGj2++Xvpubm50Gp+9eMl6tkY2RPMYrHrFbl/Gr6eiRmu5w1HRIey54Oxb/9F834N8HPYH/nJKFXyxqxy8WdzrwXx968ZX/vO6ETUeTBwtKwTEg6SkBYnvhSpd86dMnxwT5pw11DkZFnfDx2tax/sdq1ZM8WDPag+5P/Y3ntUuPNh3e6UQ+4W9O0eM9YBOydzgas+nwMx3F7Y6LfOXAWAnkWT5tqGOBetqkHMsv7Ti29vLfVfgxkPXwSYGW8j2BOGwsHAtszORpjSS3eXGsA4d2pJWX9MlXjcRj0/nzrky8sNWLV7bk443N/sYz8UjjWbKjBGVVbTh82N9xursOIy2uBlvm5WDX/ByUptf3azhsSw3eJhTuKEbipFjEPBPubzwPb0HcA+sR/2EYMlxNh7EwLsVtYyff0oqbPB3EbqwDO9hBLl5bezsOVGTh1+ufx/lLHsEvPhuLqb8bjP1DrkA630rj3c5dN6JiyTxUV9ZgQaQP4+e3YPS0Zoye3owXFrVg+T4faiqLUXfgVbTu+i06I65FT9Q16N1/LXoPDEJvzCAgfhD6ssehy1eGzo62oA1QMbnzIK1chFUrYtZL9SBmTYiPd/2PXFcAzwcZx8DXPs7AkJV5iMyrxvhVSfg6G86L2weEb70ehvd3ZaGowv+t/EejGnHBmpYBQXuRWPtY+1E0MXnaB9ZG+SlH0pLLD2kB9eiPmMDHamwCrCMbQ5GvC3/KacWtCc0YFncs3J3YghXl7WjvGrjpfJa3B7fu/Ri3R03HquJYdHT5Gw/Xk9/f0a9v2Fg5Zry8VolJu+XiUU6wTUdjNRzRngv/nIh/vXIs/vODXFy8vM9pOv89qwY/n9eEn35aga/81/VBm05KSmogEAbFAg5UZPFVZCVAWsV2/yWgZGySsieP+ie60xn6Hx7kTfA3mYgnPXjplx60fOSntz509IUCfu5z4Bk/n4/Yjtd09HjN5st8FJtyc8fNGlAnmFwyYutLPmjnHncVfgRkjT0p4Kvo33QYp2JW3jZGxkqwF6byph7XTutt/cjO7Ut1iU/LwNthWXh2ez5e3JaPV53GU4B3NuRj5o5ilNa2B+5weKeTldWA1Uv4ckE2shIOHW04fUBPRy/6DgOHchqQtzEfcZPjsP+FCMSMD3MaT+zvNyN+2p5+TYdxMEbmonyYo3ju+C0d7JAWzx7kPGhI6+CmTntHOz7P2IH/2vA0zl/8ML6/dBxumHgvNtzwG8QPvxrZN12Noj+94DSct1Y34abJPtw82YdbprTi5vdbMWySDzdO9GHathY0VnvRnfgg+uIGoy/xevQlXgckXg84eAj68u5BV0Ny4KdyFGMwrLiFbczUV11UN+0V1Y708a7/iNxqnPNpJjxTM46BU6ak4/98nIGvvhEBz4vbBoR/e2UHVsUV4FD90Wvokb3NAzYcNiPGpX2pPaxciJWH8mI+4ik36QnLXzC5ZMSU8/Mc3oGw4XR2d2NVRQeujmkOvDSglwcsHh7fjMq2riB3OhuQWlfivMmmz3ru3jcD5b5655cM+OsFfLzGOTk/gTETbKx2LD3lLEwb952NGo2wc6fzg5e24Zs3v4KfzanHxcsP40ev78VpVz+M0658CN+4+RWc+qMrgzYdfqajgipIBWqDkI4KSpl4TES6PISsjLT8SsddkOM1Hb76/OqvPWib5n+09szPPLjtOx543/Cgb7YHOa97cMuRFwq+bNNh3ATFo1iVo+KmDjct47dj5UOeZLIhJl+YPjWPdCnvKvgQyBxj4EH0ZT6IwxmEB3A4/UuCY+f3gcwHjd8xaK2MCOTBGBSrxsLiM17VRDzpENuxzU0yYtVAuvQXn5aJN3dn46md+XhuRwFeOtJ4Ju0owtzIMiQWNqGr9zA6uw8jLbcRC1d6sWJFHtKSD6G3x/9Ijc2ovrwVyRuK0FrXgdZDHajNqkfSrDTseyXqSOMJR8zj2xE3IxIZqf5XphUb87HxaQ2Vp43b5na8Q1syHdpqPOTzQG9sbcGz+2bjR0sfwXmLf48fLHoI31/6MF4ZNxThN1yOpBt/i8qIcOcOZzgbzvs+jGDDmewDaT+04LapLYjObkdL8XocTmDDuQFIIlbzGQykDkNP1UZ0drQHvdNxxypaWA2ItGrCerEWtlaqoerK9eVY9dX+WZxYjh/PyoZnSkZweD8NnglR8Ly4A54XtgXgqy9vww2f7EdSQf8vc3OOR6NacP7qgYExMFa7fuIJW7liVY7Ukd5fc/3z99P4qwNsCB1d3Vha1u68Fm2bjHt8fWwzylq7sLIo1nlrjQ3ml9vfwEfZO7G1LAWX73o38FnPHVHTUdxcG2g6zCU5OTmwXoqdWOujPLRGklnMsfuuxjYbyTynXTkWX79sFH4yoxwXrwB+vqAVF76XjLPHzcVXL7oVwd5u02c6CkgLwMAUhGQKkgtCIG31qG8XjXLpyYf1af0cr+nwkdnGB/13L+mvePC7czy4+l882P2YB4dneVA/1YOnfur/Xs6XbTqMRzEpF8tzj4PlxDyYt81HPpU/MWsrsLXrKpgKZNyPvoz7cTj9PvSm3YfulNHoTB6F9sSRaE8YibYvAR1Joxxb+qCvvvT7HN+co7VyT+CgVSyKUTFrDzBGjsWXHvniEZNPTF3KJLf6mku+2XRe35ONx8LyncajO55tWXUoOtSO5TEVCE8/hN1JtZi51ot5a73IyuV3HI40nMNAVYkPe1fkI2JODppr2lFf1IyCyHLnC6RRb8Rg3yv7EP1CJKKfCcPBWXudpsOYBIxZoLiJlQ9lli9ahzKxDmY2FzUaK7c6HNe3NuG+XVPwg8UPHW06i8bismn3YcmwyxAzdiTKSyrw9PwW3DS5FSOmsPH473KGT251ms6wyS24cZIP72/yoaW+FJ3Jo527nL6EI3c5CYOB+MFA4mD0lC9GZ0frgI8Eg8UaLBfVgTVQ/cjTNcMxZSe6/mMLajB8uRee99ODw+Q0eN6Ng+ePYfD8YSu+/tI2vLI+BQXl/t/N4xw2hkcjm3H+qpYBgbraw7Jz80jbXEiL5x5Tj/kTC0gPdP3zhzv5Zplq6m3uxItZPvz2gP/16GANZ15JG3wdXchtrMCDBz53Gs89+2Ygpa4Y28tT8Zud7zhN59rwiViSH43WjqP+2eBiYmIC8et6Y6zKiWP39WjlsnHf6ZAWBJoOm8op512Ob932Bi5a1us0Hj5mu2hpNy545yD+6f8ZcsI7HU5uLzoVndguHvXcgSopt730xBdNffGO98r0kP/jQck7/qbTNcOD+ike8HOdjk/8vJ6ZHkwf5n/E9mWaDl8kUE7Kh5g8YsYmUP7SI634qSMb6Skv0cRuW/G68qcAGaPRlz4K3Skj0ZF4L3xx96Ax5m7UR9+FQ/vvxKF9Xwzq9t+J+ui70XTwbsdHZ9K96E0d6fjmHK2Vu51YeVgoHhureMSMj0C5my9a9ZOu6iC5+G5aTWdceAEeCytwGs9r4UWoaO5yHqtVN3fh07BiTFqXhw9W5yEmvQ7dajh9QEWpD9tXerFxdhbC5vubTltDF2rzmpC4KAeR78YhasIB7H91n3PHc/DzfchMy3DyYIzMSXkpR2IdmjZu6tu83M1Fjcd9gFtaOtUt9bgjfBLOWzIOP1j0e3x/8Vicu+ghnLfwITz78CDEPP0ISmo6MXJaC0a877/TGf4+m40fhk3yP2IbOpGf9TShrbUL7SmPoC9xMA7zsRobTuKRppNyA3orZzsvE9hY3GN3Pm6a+qwHa2DrwjUlTSwZx3Y/SU4sflJRDX72eQ48k9MHhveScdY7EVge40V17dHr0c5Jf49ENOH8lS0DgvS1flxfjkXbuKlLkIz+BYxffPlUTtSRTHrkccwvhNqm08k3Adu7UNDSibTGDqQ1tCO1ocOBtIYOFDV3oqXD//p6R2cnalubkN9YjerWRpCub2tBWl2JA6UtdfB19P/1Cc61f//+wLowBoK93hmrpRUr9VQDYntno2ajRiTa+UWCU8+/GoT/M+RZ/GjCPvx0ZpXzqI2P2855fLHTlPQdHWLe6fAzHffFpgAsVnA2MCZg+VZfY+poLFvSBNke70WCVy/1Nxg2F37ps2riUeic4W88+57ygM3pyzQdfqaj2BiLe8xYbdyKWTkwdukoD+tDPiWTrnSICd0F76MvfSR6U36HjoR70BxzJ9aHz8HIpQUYsaD4r4KHV+Zhd8SHaDl4FzoT70Fv6u+cOXzl4YELS/MzTsaouLQXGK90FLtkqoVsKJe+ZMqfWHJtdqfphGXj4V35YON5fFc+FqXVoKmzB5nVrViZVI23N3vx/pZ8RGW6Gk51GzZsKMSy+dlYPScb2xfmoam2AxVZDUjdWIz9MzMQMTERke/EYd8bMYh6JQox86KdpsP4GYvWRLGRVvzCkllMPXto64BWU5HMzRdd62vEHbsmOnc55y4ci+8vOgq/nHIXVr38BIqr2zFqegtGTPY5n+mw4QwjTGrFjROPNp1nFzah1deO9pRx6EswTSeBLxIMBpKvQ2+Fv+lofsZnx4rXHb/4wqyBaqa1VJ0s39ZKY/ce2ZNRggvfi4Tn7Th4JqUNCGd8lIHJe0tQUHH0VwQ4F/1xbvp37nRWtOD8AcDuV8WteGmv2IKNNYfsqEMQTT/SkU/rj7pqOqpjR0MzWqJS0TBnK+o/WoumlRHoqG9CW24pmlbvReOSMLRlFaGzvQMdbQ1oLd8DX85ctGR/1g982bPQWrQWHQ38sdeOwJ7kj4EeOHDAiVOxEDM+xciYyRMwTsqkr5qpweiuRk3IYqfp8LOb7z29At+46WXnpYIzH5jmvFDAx23nvbwdp15wdb+7nSdefstpOiomsR0rUPFUcGIro5y0FkG0tbPJWz/UGejxGn9RIOwRD/pmeVD8tgeP/Nj/eI2P2Ah67Nb6sQdP/vTLNx3FLGzjVS48KAfic4G0WNQJpqe8deAqd9WvyzsJfan3oDv5LrTG3oFDUbfi7sX5uOLTgr8JRi/LR93+u9EWfyd6ku9GX9o98JWHOWvEuZUz41EOwoqR+SjuYLlJj5hy2ROTxzk4dmM2nQk7sjBuez7G7crHI+H5eDemFNPjy/FqWAFe2JyHt7fnI7awMXCHwxfZCitasXxLEeYsycHCRblYNj8Hm5bkofFQB5pqOlCaVo/YZV7nt9oiJyVh77vx2PvGARxYGIPMtMxj4rBxKxflKWz55PEAcR/SwQ5y8qQneZ2vCQ+ETcW5i/3N5nsLx+B7i8aC+Mz5D2DkjCdQnleAPyz1OY/Qbnrf/zmOv9kcaTyTfBj6ng8zd7aipTYPXUn3HHmJgC8SDAbUdJKuR0/5UuftNc4vCByArpccxLdYcbtrobUlX6D9ZGlrx32w9EAefvxOGDzPbobn+a3wTNgPz3up8ExMCwr/PDkNNy7NRUJhTWC/ch75fSSiGT9a3jIgaO20H0nLllgxC0smO9J/y/XPz3TYCJw9096Opk3RKPvNeBT/YDSKzx2Fyjvfgi/Zi6oxk1Fy/gMo/uH9qLjzTbRX1zsNp37HNajb9PPgsPmXaDo4Hh0t1c4+415jrHFxcc61x5xtPhyLZr7KmblKV5g8NR3d1aj5WNppOmc+MB2/WNSBn81txE8+KQXfXnMesS3rdT7bcX+uo6ajyYg11gIpWGLJrYxjJaCkrFz21LFy0eQN1HRuOcODorf9dzPbH/bgiq/2fwWajUdfFOVbbFd//Yu/vcbHa4qN8QrcuShOLijzV76qk3IillzNSLR0NQexZN35E9GXehe6k+5Ac8xtqI64GVfO/NsaDhsWfVRHjEDrwdvRk3wH+lLvRGuFv+lobndczFU85W3zU/zSsTKO1aCUn6WtP7699sa2TDyy2Ytx27x4LDwfz0YU4NnwAozfkYc/bM/Djpw652UC55cG+gBvZSs+31qIaStyMXNZLuYsycWiRblYt9yLhkMdKMlqRMLmUkTNy8PuaRmI+CAVbDyR78biwJJYZKZnOuvNOBQL42TcysPyrZ741FMjEeaBosPZjil3H/TN7T6Mj5qF85Y+jO8tGoNzFo3FOQvH4JwFD+J7ix7Cdz8fiV2Je5zXoodNbMHwSS3OHQ7fWnPeXGPDmdiC26e0INHbgeaiNTicMMj/MgHvbthwEq/F4cRBQOqN6K7ejK4jfwnbeJ1D0DQdyYg1po5ANeK6E4LVTTxijWVH/MnubHzrj9vgeXbTUXhuMzyvR/sbD5tPEDh1Yip+MjMLB7w1gb1J/1yTR/Y040fLWgYEza/1I1ZswtThWODWke1fc/3zPxBk03Hq6mtF3YdrUHLBA07DcZrO795BS0QySi99KsAr/uF98KXmoyVvYfBmY5pQQ/hNaKvPDTQdvi7Nuyubm/IjVm5aQ13HNnfx1HTUbIQt32k6377zHafR8Ps5/CznoiXdzp3OBe/E4qsX3dbvLkeP1/T2mgJSAJqcwXJMuYC0OzHpBePTTsnTVr4110CP1x79Tw+aP/I/Xps4yINLXd+74ZttWX/yyxumejD0Gx5EHPmeDl+dHuiVaf7gpx6vKSfFqDi5yXRoksdGotwUt6WpQx+SyZ+tlfTtBu7mj3em3IHuxNvQfGAEqvYM/5vucOwdUtXu4fDF3IKepNucOVrKdgRyULzEAsUvGePUmHmIVh7udSQ/WL70IRvOEZ+agTc2ZeLR9Xl4bLMX43cV4E/7i/F6dDFejyrCNm99oOGw6fT09iEqqw5LI0uxck8Z1u4uw8awMmzbVYbIiEr4Wrqdz4J6unqRtL0M4TOysGdautN4IiYmIHp5PDKONB3l6saMj6C1UcyiGTdz00Gsg9vS7rFtRo6sqxPzM8Nx/trH8f2FY/HdBQ8G4JwFY/Cd+ffj1s1vIbeqDNO2NeHWqWw6fE26FUPfa8WQiT6HtyCiGSVlGWhK/j36kgYBCebznIRB6E28Dn25d6GrIdV5/HJMHKahSCasHGzzYd7MX2DX2NZxIP66hEJ855Vt8Dyz6Rj46vNb8JPpSfjmlDR4/pI6IPzr5DR8EFWC0iP/QyjnemRP04ANh81IcSsu0cyDcVtaPLvuXHvt27/m+uevStOf03Ta2tG4OhKlFz8GNpaSHz+I2gnz0RKXhdJfPX606Zw7Cs1xWfCV7kL99itRt/miAeCXaNz/MNqaK53PjfgSAX8Kh3Mybne8zE910JrZnMkjrXztHY0ajRv7P9O54Gr862/HOC8TfOe+D3HGqKn4xk1/xD//dNgxDUdNx35Ph0Gp6DYgBWMXScFJj0kqGfmgvhLVBS07YtkMdKfD30578if+t9Ou//f+dzn6oue93/PL+QbboNM8GH2un+YvEwz0iwRsOvpFAsbPRVLsykc5iM94JSMmLVDdqGtrRD3lLz/C4nflvYu+5FvRnTACzdE3oWr3jcc0nbcXz8LyVS9jxeo/HgPLV/8Ry1a9jAfmhB1jR1++mJvRk3gL+lJuRWv5rsCmYhyMX1hxKy7RytnS4smW9fsyFyibzpvrMvD46lw8vdGL1/cUYWZSJZZk1SCh2uc0HP7fIvXt3ejt60NdWzd8nb0oqWtHS1sPqhs60NbRg7qGTrS18/8l8f9qweHePsTvKseOWdkI/5SNJwN7piZj/8rEfk2H8WttvuwFqkPZHtIciybmISNa+uTxezrJ1fm4ZPVzOGfRGKfhnL3wQZy94AGczQa08EGw+TyyexoyKwoRl9OGKZta8NT8Joxf2IRZu3xILWhHQmE6MmLH+5tLwnXOiwS8y+njnQ5fJkgejMPZT6KztRpdXUef+bvjtLFxbBuNjZ+14l6xe0B7R3tB17L2t/RpM3LOAXjGbzgG/u2FzXh1XTIyS6oxN7Ycp09Nh+fdlAHh6++l4i6+Ol/if6z9yO4m/Ghp84BgY7DxKR/KOf5HXf/8L6b5iwStra3+xlDbgMZ1Uah9axHqP9uE1qIKtCTnBW06bS01aPGuQFPyO2hKesMFb6I5Yxpaa9PQ3t7m+OYdFf+r65oa/6NI9zqQVt5WxrHqRDnXi3SwOxs1IjUfp+kEXhL4wW+cn8Th22zuR2oBHfMiAScRcFKBgrFBksfgFCyxApWd5KTdiUpffC74QHc6aix/b6ymw/g4P2MhkFauFjNn0qqRGysXyydPPsQXT3OR35X3NvqSR6A74WY0Rw9D1e4huOJTfqZzFFauednh1+29EU37hqE5ejia9w9D475hqIu8EZXhQ/D8olX9bGhfFT4EvgPD0ZN4szNHa/nOwAZjroqLNdDY5qKciW1tqGvtpUe+zY00ZcpbNJvOW2sy8OTyXLywMR+fxlRgu7cehY0dzn9kxRZS09qNFZk1qG/rxpLEShQcase8/WUoqevA1oRqNPi6EJlYi5qGTn/HAdDb24eD4RXY/HkOdn7mbzzhH6dh/+okp+kwZgIPIMXJ+JSf9oKN2ebJsT2o7cGssbAOcNE61FvafHgiYga+u+Qhf7OZ/yDYeM6cfz/OWvAAzlpwP06ffx+uXPsyFqaFoaKuEq0dnfC1tyOnshAzDm7AA8ufxKHYIeiNv97fZJzHany8di0Qfy2QMRhdhZ+io73/69KKSTkEw9QRKGbViOunNSZP66kaERO03ho7TefpDfC4YMbuLNTW+33yl6Xf3l2Cr/1l4KbDhnTqn5PxvY/SEZZVhXHhjfjRkuYBQTEqZsVFTB7j05q794Nylg9h2rlB/iyfPD7uKi4udubgnQjfLmtvbUVrYzPamluc7/A0J+Ue03SaYjPReigLvqJN8BVtQVtdDtp8DQYa0d7aHGg49M1fPuCdDvd2sHXQWihv0oo32PWvxiLMJiQQr3/TOffSoHc2tuHoTke/Mm2LrICEWUAVXUkxYPE4po70iJXcF1nU/y+ajn6RQHkrXuasvG2O4lFfOsrX0tYPx4RgiyrfXblvoS9pOLrjh6F5/1BUhV+Py6fn9INVa15AXeQNaD1wI7rihqEnwQ+dccPgOzAUhyJuwPMLlvezoQ/68h24ET3xw5w5Wst3BJoAY1Luil8xCTM/yuw6i1ZOWmvpUn6iQz0+JQNvr0jHU4uz8fI6L+bHViKhrAXNnT1o7OhxGk5qbSumJZQjo7YVHx0oxYHiJkzZXYTEkmYs3leOvMpWbIiuRE5pCxqau9DY3IW6+g7s2V6KdfNysWW2v/HsmpGBfWuTnaajWJWPcmG+AtWEutKzY3tQ24ZCvqV5cJPWQS9MvexDJfjZ8qdw1sIH/M1mnh+z8fibz/341ryROGP+fbh45XO4dt1ruHrNq/jveY/j3z64C6t3jPB/ETSev0Zw9DXpw/xcJ2mQ81JKp6/0mEdrik9YTcXmZHmK2eb/11z/q2Pzce6ftuOUp9fhn8avx8V/CcPezNLA/tN+I96YWonvfZAGzzspx4Uzp6bjkqW1+OHi5gHBvaZcT+Zi89F6U5f7QWBtJSOmvnTkx9LSJY+14n8rTcy7HTYHNwzUdJqzZ6N+228caNh9K3yVsWhrC+6Ddzn8n0R5Z6U9a/Nyjxn3ia5/3enYRqNmI9mXbjqn/OAyPPnyW87/p6NAGYyKRqwia8xCWp6SEaZMOrKRPnW0OJZHvtN0Lrww6O+k/b3vci455RRMeOIJ57fX3HHY2FUL5SYsHWLyqCceacunTHLZc07pU9aV/Zrzymv3wUFojroGVbuuxGUfpfeDVavGoyHiKrQfuBa9cXyMMtiBnthBaIu+FvV7rsLzcxf2s6GPqp1XwrfvGlCvL34wWsu2BuKz8XDMuATakIpVcsVNOlhu5NGGctVBPimTXWJKBt5Zmo6n52XjD8tz8WF4CdYk12Bnbj3mJ1Xh3X3FeCmyAE+EefFiRAGe2eHFn8IK8PJWL/68qxDvbsnHRzuK8MHGQszaUoSFW4uxdHMxVm4oxNKlXqxYkId1c3OcO57tMzMRtT7FaTqKRTEqJuVHrNipY+WS2UbiPqxPRMuW+JOUzfj+kodw1pFG850F98GB+ffjO/M5vt9pOt+eNwrfmjsS35pzL/59+u/w1Iq70Zk4BIe5B/jCQOKRx2qJ1zovEhxOG46umjDnjsw2F8WmGEi75aLVbGSjutn1Vw1VF2LypCMbh1dfj8iMEszbm4NF+3ORXVrj1Nnayp54e0YlfjIjHae8nQzPceA7n1Xih4uaBwTGong0l+K2e1Uy6VInmJx60iEmTT3xJBefsrKyMvBLorym2HjcELTpxGehKXPm0RcJ+KZa+odo9TUeY09/am58tObU2+TNGBgP+ZKRFpBn5aQZqxqLbTqWxwb0pZvOaf95FSa894Hzv84FC4w8goJVcArWXWjpUS4765f8YDZMMDk+Hg9edZXzX0n/vZuM298Vp52GqRMmOHkrZuXG+BgzY7Iym4d0tVCUKS9rY8fUkZ2dg+OuzD+g7+Cl6N7/azTv+RWqt12MS6cm94NVy8ehIfxXaI+6BL0xlwIHLwViL0XvgV+jLeoS1If9Es99PrufDX1U+JwxswAAFi1JREFUbbsYvshfoSf6184craUb+8Vh10R5uLHyFJZctPISJp/A3CymHYG1ZdP586I0jJ+djWfm5+DV1V68t70I06PK8HZ4EcZvy8O4rbkYuz0XY3fkYtyOXDy5LQ/PbM3DC1vy8OomL97YmI93N+Rj8rp8fLjGi+krvZi13It5S/OweFEeVi7IcRrPpllZiNyQGmg6jEFroxzI44VLvuRWRr7WWAexsPuAFt/iYDoVTYdwV9h7+O6iMTh7/gPOSwTfmf8Azph3nx/m34fT543GGfNG49vzR+P0z0fiv2f9Dun7hjtvp/GtNedxmvOF0Guc5oOU69FV+jk621sCjwEZh5qJYjoRzXipIz1bL9ZF60q+HYtWDYlVR6tnx9wPqq3qzP9rZ39eDc6ZmgbPW8kDwnc+rcQPFzYPCIqHc3B9tSc5v+KijvQoZ8x/z+uf8/CxF99k4++wsUnwzkS4OacYZYNfCLxIUHLRY2j2lqLJuwp1m3/pbzxO05mG1hZ/07H29M//OZR3OYo7WG7K0+ZKPdWeeSt/YvddjRqO5X/ppvPz6+7E6nUbAj8QxwC0SRSIAlUSCox86ciOPMoJSkx6sieWvsVFhYV4/5VXcOV//Mc//G7njl/8AhtWr3Y2guJiLjYejiVTDspJMsmFKQ8GlKsmqpn1yV9+7k55CO0Jo9AcOxq1++7FryfH9YPVayeg/sAo+OJHoSt5NHpSRqM7eRS6EkejNW406qNH4rk5S/vZ0EdN5Ej44kajI3E0OtOeQXNttpMXL0Dl4c7dxsqx8hO2cuUrnmiL5V/zEbPp/GVBOp6ZkYWnZ2fhmQXZeH55Ll7d4MWLG714Yn0uHt6Yg7FbcjBmey4e2pGLR440nme3evHSFi8+2VuCOVGlWBFdjoW7S7EuqhwrdpRgE99s21aMrZuKsHVtAdbOycKezWnIyMh01scdj2jGzDzUfEQrF+pRrkPcNhJ7QOug1gFPbHUtP6nKiyFbJuCshQ/ijLlHms08f7Nhwzl9/ih8e+4onD5vFE6fPRJTN92GrsTB6NULA4HXpAfhcPJ16M5/FZ2+KudHPtU47HyKTVgy0cLueO3asw6siTBlWn9ijWVj60ue9C2WP2tLeXJRLS6ZmYl/ejsFnjeTj4Ev2nToV3te66lYNLeNx8okJxZfWDzigYC6lPH/1dHnO2wagpaGJhyatw1lQ19G2fUv4tCsTfDVN6KlNhsNB55CfdhwNOz7PVqqkuHztQTsaE+//GVpPlrj2B0XaduIWAfyVAuOtT6SaQ3UZNyYTUeN50s1nXN+NQTvTZ2GhIQE58Muu4EUuLCCIq3CKlgrkw9h2QurKBbLH/8Douh9+/DWs8/+QxvPDeecg4/few+JiYlBfwKcsbuBiyBQDaijRRLPnadbrlyJrYx2pFUX0pe8F90P1sUVBWKwfjQn8fMr0/vZ0Id8yr/mFd+ulcbcpBpTz445j2ytT/GIBdSlL9lYfmpaJqYsSMOzH2dhPBvPrCw8PS8LzyzJwdMrcvDoyiw8vDobD63PxpjN2RizTY0nD09sy8NruwqQXtmEsOxDyK1qxubEKuSWNyM5rx4llc2IPFiJjOw67NxRguXzsrBnRxoyM7MDsSl2xsb8SNu8ybNxcyyaB7MOZ9tQ3Ac1ZVZPB7zFHZ0dKKyvxPP7Z+OcxQ/h9AWjnUdrp88djW/NY8MZ7Txa++acUbh8wT0ojhmKHn6Ow18giOejNb6pNgi9qTeju3S2v+F0Hn1zzsaq+MQTbXOwsWlMPZu/1po1Up0o55gyYdkIy85iji1Il5hrQsguq8Xw+dn4Cu943kjqB2fMqMB5C5qDwqWL/Xc29EF/nIex2T8qNJ9iotwNisPtR7R8u3255ZyXDYK/BM29xv/YLQANjWji3U1OEVrqGo7wm9FSX4bm6kwHt7Q0H9Vv8b8OzrfV2MgUs81DdWVcjIW0YnLrUYc+yNd1YJuLe6xG5Dnz5zdAcNYvhgTGAd5FQ3DupcNx2wNPYMZnsxEREeEErOCEVUTSDETFtIFZXasvXXdy5JMXjE9flPMnuaOiojDzww8x8vLLcf3ZZ+O6s87C4DPP/JuAPoacey4eu+02zJw+PZC3imwXjLGw6IqJ2P5VQNoNjF11kk/qMFfxSVOPmDzKpCMe+ZqLP3BYVHkIhRW1DtTUHT3AVUti+SQuq/Lr00729C1QLNRVDFoT0tSTT+GB+HYdqUOgjeay2K1LvaysbHy+IgV/mJqBZz/OxPhPMvHUZ5l4ck4mHl+YhUcWZ+Lh5Vl4aHUWxq7POtJ4cgJ3PB/GlCKvtgXz4soRV1SPufvKkF/ZjM2xlcgqakBWQQNyCxuwfE0+Fi3MQNTeNOcDXbu2OnzccYsm1joxH+VhD2sdzDzIxXc3GiuTvhsf8jViYsJqXLj0UZy++H6csYCf64x27n54l/P1WSMxZcNt6Iq/Dr1sNEnXAUmDnbfUetLvRXdtuP+R2pE3z2wMduyel/Tx5MqJtSBoP2h9xXfTqhX50iEvGN/WVmPpCeeVH8J1c7PhmZDUD874pALnzW86FubWYVfu0T0tP7q+FBPn0/7lmGD3CGlrIx2LVRdhyTinvS4o52cu/PImH7eR5uO2QONpaXFo8tx8tw798JEa73DoR8C5lSuxYiFWLNTlmHIBaerIDzEbi5qLxsKBO50NGzZg48aNWL9+PThet26dgzkmj7B582aEhYU5P5XADqmCKiAFKVpBiJZcC2MD1VhYtkxM84gnHWKNqcPnkvxp7vDwcGzatMnJR/ETC5Qb8xWPWLRqIKy8eWfHvBUHMefXArnzJJ865EtPNoqbWHbSk3/x3baSky+QrmSKiVgy+Wf9rR75ipV82RATNL/VoZ78ckwdS8u/lUlOXfIZh3xqDukTU19+pUd+cVERdkelYOKsZLzwQRqe+SgdT09Px5Mz0/HY7HQ8Oi8d4xal4/dL0/HQygyMXZeBMZsy8eC2LDy0PRsv7vbi3ahCvLYrHxPDC/Dn7V58FlGE2eFFmLerEJ9t8mLR5nzMWpaJVWuTEB+fgtLSskB+jMkdl3Ij1pg6jNcCD2IdxvYQP97hLT23jqXpM7OmEC/vn4+rN76CC1c/ibMXjcE35ozCVUtGojXxRhxOvB6H04aiL+cu9PB7OEWfoqO5KBAP/Sk2Yc7NsZtWTJIfj7b1YE3+Edc//WqPcGxB849b68XXeLfzeqIDZ0wvx3nzmvwwtxEXLWnE2C21iC/0fz4nO/riGgprHvFIU2b1SUuPfEtzTJC97KSn/SK+taWMf2DzrodnkT78V7MJhlVvvoJNWz6q41lJ/4xRWPNannIjJkiHWPFxzBgtrQYTrPEEmg4T4LdRCeyklmZHZLB6rY6J2skVmLuY7kAUqPSI5Uc80UrQ6tjELZ9jypg0Y+MXqhi/YiYmMC+Lmatyk67yJ58gHfrkY7xg/50r5yUoBy0ycyHPNk3pWKy6CEumnORHmHNRRj1hxWDnkkx6jIs+CJRpTLkdS2btqcM5pKcYqEMgbf1YvWB8zSG/8k3aDW7d6upaZGfmYO++eKzcGItZK+IwbelBfLjkAKYsjcbkpfswacV+TFq1HxPXRmPS+gOYuDkGk7YexOQdcZi6Mx4f7UrA9F2J+HRnIj7bmYjPdyRh3vYkLNyehKXbkrBmRxK2707A/gMJyM3Nd/Jj/ezastbKzcbM3MVn7JJxHOyQJs8e+LaZuGX2cLdjpyl08fs4bSior0B0eSbmZezExPi1SMpeiJ6yWegsXYLOyo3obEg78tlNW+AHH+2c9GVpO7Zzanw8OX1pLxBrn6gmkrlpu+bSIS8Yn7aWb/XEp4/iqkN4dVsBvjYhCae8noQzP6nED+Y24aKFNfgw5hAi8vr/kUNb+qat/Njri3zKmZPNy+4Ryq0NaTfQj/a/9cM5xaeN5qM/nkN81MYGwrsWYv731nYunoV8+40vIfB33HjGkaat8pFPYo0lI7axKhbqcUy5QHHLz/GajhqRh87llFhO3Hx3YJRrYso41sTWn9tOuvIvH6QlI7ZFlA93fMEWWTq0cQNl9CssOecWnzzKicljfMpVMbvtpSM9xiXfti6Uiy9d0tZec0iPc1EuIG39WL1gfM0vv8qNtBvcuvItPmn54Zh80tLTWDqUK16bB/Ut7fbP+tm15TrId01NLbzeQiQlpSFqfywiIqMRFr4XO3ZFYuvOCGzfFYkdYZHYsXsvdkTuRdjeKIRHRSMi+iAiYg4i4iAh1g8xsYgkRB+BfQcRte8gYuISkZuXj1ozr+ZX3spZtHJl3DZe2lFm7xh4aLsPbEtzLJrY3Qxo7/ZHurXd/19Mt3W0O03I+ZJnh8/58U7+p2zOLwt3sOEc/X00zePmBeO746aO9IRtbHav2TXm2O4R0aolMWtoayx97SfSdo+QtjakLVQfqsf06Cr8dlE5/vvzSrwWXo2iqnrwy6Wc38bKeWmrPcqxYiSPYOeSTHqMS7FTpjHldiyZtde80lMM1CGQpowNhH8M8w9qPuXhr0TzvyeIjo52nkilpaU5fzwzToL8yp60GxSPdBWD+KStjHzS0uNYjWUgzLsdj4JQoURrAjm0tHsi6dBWMgbEZG1gkgfjyYfsiaXHsaUVi3jUo2937NZONtQlaD7x5cva2Pmtb2tr7WVLTL6dRzzyFat4FtOGcvLElx/xxBctn4qFWDyrIzvKlJuwtXXnqvndF7mdRz6Vm/xqX3Fu94Uqv7TVnMKKh7TitrlobivTXLIRTUweQXHJPzF5Nhb5lB/NS0w9+pON/NIPx9av9eNuEjqk3Xz3wa5mIH17qEsmTF8C8WgXjCc/ml/+Rcv+y2BrS3+h6//oOaO9oH2iveXeL9xXkslGe5O0QHbSce89zePWJ59An5QJy5/spCddYu57zSds9elLdzp6iUCP1IQpd+505EDJ0ZF4cqpCWBl1aCOZbOSHtEB20vm/pUiMg8CYGZsOKo7/Nx+SWh+tm9aUfK0hMUG1Ey2ebN2+yCeQzxoPJLd6VkdrJDnnp5zAsdZNNOORruZVrOIrB8mJpUMsX8SSyVZyS5NHn7pQ3Ye3moGbT5qHN+VqBNJx0+QH4x1PX7JgeCBfjMc2FGtLG7dMfmz9VDPyOA5WR/JkI33VVOsjbOXyZXU5Vu2tLsfSpy+OCfKrvcU4tI9oQzmBY+tDvsijDWnlaHORnZVpLtmIJiaPoLjkn9gdi3zKj+Ylpi79yUZ+6Ydj69f6kUxy2stGepqHMo2P12x09+M0HTmUoZy7J9Rk5EuHPAUoLD3S8qkx7TifdDUH9cSXjbDmk1w+KLf20hNfMsuXTzu/HVsbq8u5CeLJp1tfvqSnjSQ9+RBNPdoIU25lGhNboD51ZSs98rVpyZM/Kz8enzLlIBtiN3AeyTUmLVtesIpRttKjjuIijyA7jnWR0IfVkx/NKyy/OiTkk3L5la4w/Vrfitetr1jpk/qKT3rCmlM+yRePY3tQa6zD2X1oUy5ZsENd9gPhYP7Ek1/Rdi7r70Ry6krHjeXHXQPWg/VnjVQ3rQdl4qtuwtRx22ktrL30NI9kli+fdn47tjZWl/NpTuvfrS9fsv3fdv3rTkcNxt7haBx4vMbiqWB2kVRUFpHyUPH7H8DagNpkqp1qqcOMdZNMNqqnu8ai/ycevu4asBa6mFUz5U8sGTHlts7HG9NWtZc/60uNWfNTR3rEikVz0pYgPcmtLsfSU2zCOoiF1Ux4YOvQ1kFOmnI1CNkEw/IjmXzJh/gDYelTbsfB9OXzi8RFXdZD+f9vO3y1P7QH7d5hTbRvxFedZEf6/4/Xv/tOJ1jz8TB5XSxMlEVQUeymUTHE08UlvoomLL9uX9SXjmRunvhWjzoC8jm2c5BnF5Ay+ZWd5KTdeUpffC644hBP9u75FYedzx0PN5/k1KdcOvKreainDUceac1hMe2tL/kUlj/RxJrL2omnuaRv56JMepRLxjHjE1hbyaQvHfmxtHTJkw+tAWnaiK/YianvjsWtJ3vrmzaKg3Lrc6Ax9RmT5lP8bnvqKS7FogNdB7bFlAmCNRHyrL67Qci3+NIN1jgsz+ppLGz15NfyqEewc1s5x8HqaNdAdXPzxFftiFVr6RJrHaTnXk+ry7HkGmse+bF87T3KaEdd2Sse2Qnb+dz6/1uufzUdNRuLOSY4TYfFtAXTmIULBsEWQYsjmRaC2PojTZ9WLh3FQX2C+NKlXGOLrS59y97GTn3Rdqx4NbdkxJpPMvrl5hFfeWhOa6u5iGUvfRsvbbTBrVw61o9iIk+Hn2yk9/+2by+5ccQwEIbnzFnlpjnOBL+DLykIY0xv3fFC4KtYpNhqNQzbi6muXuMLw4c/vFj6uRa3NfJvDAd58myfxXCt3Bx98snPtqeN9Vyy9RQ+HZYdTs3Nl1vOLn2cPOzytjf6Gd8L+bzY39ld7C755Vl9L//VF5NeTFzdJN/Gz1z25vElzx7Nt3nuzM1I3Oyb2c6eH25nyrcYdXCoqR67HHqc6WqLJdUTi/f7/f9zd5txc2qZ/auPzPr6KD0MtqR0D2jJ+F2OHoiHlZ0ehzxSM6R64XuA/DhwwqkdrvrZrWw1Vpa/XNm78J0+HPzh8qnFDycGV1wsvf6szRWDh8GzNmw+HJ5Bdjn81U5Phj97OXHyl7scfeAil3/18D6A+fUvjwynr3wttj3ZD2xxLzmsGs5Cdnj+k5sfprh6JG71y8HDF4ZPzWxYHDBisC5nFzabPP1r9yHI3g/DXvL7oZCXtNRILgdefrknnp8sTidxbG57Nzdyn8P3+//vfTGX5tTac2d2nSlnNh3GWSPDN/s9m8XE6eUvt7Mqb+Vnehz1VLzlpxm/vznlx086NfCuuCYV1rzNsYufm9iYIZH45CWtMOmGnL5caus9G68hhO9gLyfefDhINbLVStLxsJNqyWEn87X0hT+Zb3vBiSfbChefHLzxpC/v8oiJq6cGfznF1CPhs0+uclv5XR584elkuOUwJ/FqwaR7bvn0BpvMr0/+xakFYw/qlLN9iuOSF75eFwuzXHx49a2nx89fz/9tmYXZ3HEWzrHzyE7mcw46P3d6/p5p+9v3//nj8Xy3Pv6QoMRIkg2nw2Hty+cQLUZxByqOFpssB3Z5PtPVlbc2X9w93CQee2gQ+bPVhYPFk+2S25h4stykvYVTa2vQNxc/HhgSdzgr3/Ybtnw94Fp8Pvbq69v8xdCTMPrb/Hz61V/41XGUtxx4l2+xr/zF8y9Ofb5s9bemXPmbJyfM7gmnXuTiLa4WPlj1+J3B/He6cK7uxaySZtOsruZ/BVz72jNOt1+ys/AV9nO1x/blPVj93Qen+N//03F5R9TgDGuHmG/99JVeOFiNddhW96LuZc+3fJuHM1lf+E58OTB0uWqcufz2jlN+eDE+dtj2IYeNM7ulZv5yxU99eehq4uHHuRz4xWBhki1xzyAbBkfnovz89Gw+0l7kkXGqA6t+mK2pj8WlhxNLx50sDi/2Kr69w+Em+evprAeTXH33JpY0R9irL/OdcO3dfJot/W57bJ+dF8+a7Txlt+627854+3LW2++Vj85vJLj1QMABfIIAAAAASUVORK5CYII=\" alt=\"\" /></p>','https://aru0828practicebucket.s3.ap-northeast-2.amazonaws.com/a2990f448699bd818b94a2f420f75ca8','2021-07-10 06:51:09','2021-07-22 11:44:24',340,'123'),(21,28,'mini gt 992','<p>今天買了絕版的Mini gt 992&nbsp;</p>\n<p>細節不錯</p>\n<p><span style=\"color: #2dc26b;\" data-darkreader-inline-color=\"\">價格便宜</span></p>\n<p>&nbsp;</p>\n<p><img src=\"data:image/jpeg;base64,/9j/4AAQSkZJRgABAQAAAQABAAD/2wCEAAkGBxISEhUTExMWFRUXGBgaFxgXFRUYFxgYFxcYFxUVGBgYHSggGBolGxYVITEhJSkrLi4uFx8zODMtNygtLisBCgoKDg0OGxAQGi0lHyUtLS0tLS0tLy0tLS0tLS0tLS0tLS0tLS0tLS0tLS0tLS0tLS0tLS0tLS0tLS0tLS0tLf/AABEIAJsBRQMBIgACEQEDEQH/xAAcAAABBQEBAQAAAAAAAAAAAAACAQMEBQYABwj/xABCEAABAwIDBAgDBQcEAgIDAAABAAIRAyEEEjEFQVFhBhMicYGRobEyUtEUI0LB8AcVM2JykuFTgqLxY9JDVBYkNP/EABoBAQEBAQEBAQAAAAAAAAAAAAABAgMEBQb/xAAvEQACAgEDAgQFAgcAAAAAAAAAAQIRAxIhMQRREzJBYQUikbHBQuEVIyRScYGh/9oADAMBAAIRAxEAPwDy8jmq+o0zErb1sJSdZrD3rO4vChrzC00zdJ8FX1ZFgU41ruJTlSxXYeoXEhZNUDkdxKCpTcpr2EBResJMDXchl1Q/VwgAa7zSV/hsn21Q5sb94TThZZR1aXoQKVR03JVhlKi0aUuAVqacLcTjLYjtT7HJxtIQVHaUkaxsvdkjNga9rh8+xWy2xhnV8LRa1zbtab9yyXRUThsW3+WfT/CvMdUp/Y8K94cRkA7JWsnlRyxUpuyoPRKsfxU/NNP6I1+LD/uUtr8OTpVHj/lGXYeYmr5rjuj1XF+v/A+jmxa+Hrte4NINrHit+WkAwdd25Y/ZuCp52uD32IME2WwxY+7d/SVYuznkjTR55jeidZ9R7x1YzEnVMHohiOFPzVhhsTSY49p55FWFLatBwm6JGm0Zp3RPEj8LD4hegbEpHqWBwAIEELK7TxtAmc722jsrU9GgOobBJF7nVKMTqin6Y7Jq4gsDGgho1J9FmR0QxHyN81bdL9uhlbqQ5zSNY56KFTx7Bd9d47pUs6RS08jA6H4jXI3zC0XQ7ZtTD9YHsAkTIKoKm28KD/HreqtujONp1BWeyo94FM/FNrHihJVXJE6ER9nxz3DMCXSON3H81BwzR1em5F0fqFuy8Q4GC54HnH1SC1PwXPNyj6/waPyzZBxmMNOhlbq50+RTeKxBcac6xJTdfEupuaAAZE3CmVcacwGUbtyiukdM0Mcpzt7ulwQMTSa/Esa74Q0kwrDZlFrKVt7ifAaKA6qXV6rojKyPNWuHeGUm2HwzddOIHhjGMurbb2v7EbZNP+K7iUdSk7MwbjqnsHWL6ebKGgncn6r81ZrflasJfK2eyb/n44J7c/kk4qk1lImNAs6y1MuNzB9Ve9IKsUY42VHWOVt7iwhWaqkZ6WerxMjexI6FUs1VpO662tF4diXHcxsLO7D2a2oHFoyAcCpNDZs031MxAE7zJWtT7HDwoKNa1svf1LHZ7wXVqp4mPBY3F/eYkDcJKv6mzstEPzENO6SqbC1GOc5zWkEWJKzOTo9XTYY621K+F9BHsuVymYOhmkpFxSbPfLNCLpllS2M9usqk6S4PLByxe9k7U6Z4nfl8lXbU29UrtyuII5Be98H4+PJSYkXCaw4ion67ZiFIp7JxBIim7yXM6sKroqtxh4K0H7rraGmZVTjMGWHtDwWmZQbak71x0TbWH8LUY5qOVmoqhugO0CrJ7gBMqHg6dIn7x7gZsALFSzQuRo0H0S6M1YFPFW0TIKeqUoHZuo4UuzUVRo+iNQfftJ+Kn9VdDtbOociR5ErN7I2O2rh8TVLnB9MS0A20m6vdlEv2WP5Xu95W3K4pHHTU2xzCdGcTWY2oxzQ06SU43oZi5kvp+as8PUIwFIgmQSLeKrNi411VzmuLgWnieKVa3NKTT2FwdOpQr9U+CQRcHitzjB927+k+yzO22AYprt5DFpsV/Cd/SfZc0kuCzk5cnk5qwXGd6gU3kyMymYqMpG+VCbhpIjxVs3Ei1w4u+JewdEv/AOWn3Ly19BrNQvUOix//AFqcaQhiR5/0xw/WY94a0udIgDuUOvsLFE2oPjuVvtGXbQq5TDpgHwVjhKeIpkHEOeGuMNLXX8QuixxpNsxrldJGHxOxcSwFz6Lw0akiwWk6GHLhMU7gx3sVfkufhsS0uLhMCTNlUYSh1WAxX9JWZw0yosZ6lZE2f2dkgfNWHoR9Eld0U0QEbNww+aoT6lMYo9kBeXN5j9H8IVYW/cbFEvIdlsBvRV6Di8GwCefjmjsA3VLhK7nVHEmwlXhGFKMp24/q79g2VDFcnVzg1WeJoOcwtHygC6oNn53zEZc8me9XmOqyO+AtTlSo8nSxTm5td6JuBaGMa07kmCfnqvd4KBjamXLyCc2fWyMzDeVE/lo9clWeUu0fwP8ASN96bOcqtxeZwaGiYMlFjMV1taeATArAViJi0AcSVZO5nPClHpfm/UzQ7N2iaVIt6t0uGu66fftP7kUQx0k3MW5p+plFKm0EZnEKTjy01abGxYSf8rW5zvE3w+fsVe09q9ZT6trHCBvHgqnBUiylBEEm6m9KsSQcrDFwLJgtMNG9c8l2fQ6KMdOpL3+pbbKpdieK5S8O2GgJF1itj4fUZ3LLJruZN3RvFn/4XeiZrdG8S0FxouAC9tKi40AscOIK9OhHh8Rngzj7raYDbFXK3tNAAssftJmWo9vBx91d4EzSaVx4Oz3L122Kk2y+6zm2K+Z0ugmd2ilvrQNbqrx97o3sEtxBispiFFrulxKbe+QELVzib9R7H7LrMpsrlh6sn4t3JXNHYuKrtFSlSJY6IMhaEjrNiPHyif7TK0v7N62bAUuUjyK9Cgmed5GrPPP/AMVxoH8E+YVLXouY4teIcDcL6EJXinTenlxlXnB9FJQSRrHNtk/oT2qWLZxp/kVI6JPnZ1UfK/8AIKV+z1oNCta9xPKFG/Z/RL6GJpDXP+UfkseglyXmy604EHhUKr8HtBjX1IYQSVL2fs3G0hkblyTJBuplbD4uLNZPcFdVIlD21abXVGE65Wq6eOweEfkss/CYtzg54BiNOC1TpyeH5LC5KzDYnZTDo1VuL2Z1YkAq2fiXzom6uKcRBCmmXYqku5V/ZmVQJF1u9h08tFgFgAsRDgZAW62JPUs7lqmuSNp8GL2kGjFPcLnNfir7BsdXcyWmGGTI8gVS7Y2VVFV7oy53HKeatdm1sU1wc8tADACAfiI3967OtEW/czj88v8AQ29+XD4g/wDkPuqnGvjZtc/MQPMhSajcRWpPZSYCxzyS6b66KJ0hoPo7Ncx4gl7fdZyu5mcflGMUIweCbyJ91W4uuQQIkLU46i0YHDSBIa2PJZrFMlwsvFl8x+p+Fr+n27hUnNNyy/GElY02tcQyLHcpFNsBR9quik88lhPc9s4qMG/8ld0ey5XSJkq3+73tKhdH6cUp4lS61c3AaStz3kefpIKPTxb7fuRsYA9wg8LKVh6bXGJIjdaFW4Ci8VJcI1VrSbY5hfdZdYpHwOpyylNtqhis1rQSHS7hH5oBh6RIc4Q5JVBJ+GLqfiYBa0Dcs5KXB6Phr1ZaluRWU6czJ8ynKdNgntOk75MpxrUeXkuWpn3/AAY9l9COcNTMXJIM3KfwwzVAkq2GikbLpAGUW7M5V4eKTXYtkqErl6z8gRTj9of6rfJN1Mdj/wDUb5K56rkuNHkuxx1Hn2N2PWc4ucRJMlO4Wt1VMscJM2Wyr4WToow2O1xksv3LDibUzJ/a2HVBVrAghrZnfBW3bsNo0aPJPM2UBuCUNZ59Q2K83lPN2A/5gtucFySfYeSaRrZmTh8TTw1Sm2p92QZbGvFN9EsTiuqLaNXK0O0jeVq34N2RwiZB9lTdCdnVqYqB9MtBIiVoy5Eo4nH/AP2PRUm0NlVqry+o8Fx3wt2MNyUathJNgjClRQ7FFfCUa2UtJIJEzuCpeg+1qrMRlYQA+7huJF/zWj26KrKLurYXE2sCddSsXsvAYllRpZSeHbjlICzRbs9ZG06vBvqiG06nBvqoeGpOyjMLxdPCmeCUSyQNo1ODfVH9vqcG+qjdWeCdDDGiULGn4n+RiadW/kZ5JajIUPGYttOJkuPwtF3HuH5lUg86r/42eSeZtOo0ABrYVE3b1IOy1g+g46ZxAP8AuEhXWFYCJa7MDvmR4FKsXRV9INpPqBoIFjzVQMTUG8/3FairgBqI8k2/ZWaxaO+0+i9WLJCMVGUbOGTHNy1RlRF2LtF9OnlAESVU9P8AaLn4drSAJePRXY2TUYLDMOER6rJdJaz3kU6lPqcjpl037jEHvBXmyNOTZ6MUJNKPqaHFOfUo0Wmwa0adyhHZ5+b0UvB7Xw7w1vWAGAL2HnorVmCtI0XFxT3PdDPlwrTbRn/3e75vRUfSZrqbWtLpDtbcFuqmEO4LB9IaFepVOdjob8MAxCLGr4NT63LKLTkyV0doufSnQAwFZnCH5h5LuidEmmWFpblO8ETKu3bOR41fBqHW5YxSUjOOwpLjBCeLag1DSnMTsiu5xynKJ14qK/ZeMZo4OUUaPPkyeJLVJ7iVA4lsti9+ClVsK4mQQoTatcODajIk6rQUaBImFHG3udMOWWJ3BlR9kfxCL7O/iFeDDpDh+SeGj0/xDN/cUZwz+S6nh3gzZXBw6TqSixozLr8zVNjLai5E5h4JF0o+e3bst854+y7rTx9lT5V2Ra3OelFwK3MeYRDEfzN81TtauyJuNKLoYgfM3zS/aR8zfNUvVomtTcUi5+0j5m+a44ofM3zVN1a7Km4pFucc35gk/eDfnHkVUgDw91xp+Z3JuKRcDHt+bTkkG0mj8X/FVLaeqIaz5KbikW37yb83/FJ+82xMn+1VHV6DeUobfiAhaRcfvNsxJ/tXfvNkTmPkqdz4DiVI2Fhuuz1KjclBsBryb1HGZDRwAi++eSqTZHS9CybjW27Rk8koxU3kxzbHuhqvAtSYAPmd+vqo4oSZcS4+n68ldL7ktdis2v0kABbQfmeNXANLWzwJkT7LKu2pVaS4OzPOrtT5lSdtdEq1N7n4YB7HGTTmHA8BNiNd8rO4jEGn2alN1M6dprm37yLqNMqob2njHVXZnucTpcprA7arYczRqFv8urT3tNkxXh2nopnRvo+/F1xTFmg/ePOjGgZnFx3AAEn6kSRWek9FOlwfhKmIxFEgsc1jMmlZ7gSGMBuCNTqADPJZ/a3S3G1SYeKDfkpAAjveZcTzEdyufsr8S1n2Sg/7PSBZRJaQCJ7VQ2+N5EmBwG5Bgf2e4rEHM99Oi3nL38+yIA/uXQwqMTi8dXLhOJrmdfvqn1UnA1cXUOTD1sTVdvDXOeB/UT2W+K9U2d+zXBUodVzV3D/UPZ/sbAI75Wv2bgabQGsY1rRoGgADuAU0sakYHZWx+soN+24eka15hrCSNxOURm4wn6OCFD+EC1vyyS3wBMDwWq6U43DYVgc9rnPdIZTpiajyNYHDiTYLBt6TMrvOGrYd9AvacmYyHiNJgRbgrQTZcYfblN4lokXEiIkWPqiO1WfL6BVGGoU6Y6tgAa2wHDf5ospXKvc6bdi0/ejfkPkEh2s35T6Kta2y51NC7Fg7arOB9Ey/ao+T2UN1P/KFzEoD1TGMcRNMck4NrR+AKHkXZEoFgza7TqxEdqU/k9FVmmulBSLQ7UpfL6ITtKl8voq0000WIKRafvOl8vouVUWJE3FIMBGGpY8E6yN60ZGsiNo8OacLdLa7kgbuiTwUAhbb8kJZ58OCcDCDb2Xbo0nUlAN6T7riAd9kYuLfCNT+vZcWzJFgP1CgBjefBCRB5keKIuMyQTa3DklbIGY/EZid3EoAQJgDxSb5IsB/0ElQQIi/d6I3tLSW68YbvhAA0kDMO7Tkgc6G757jpuTjjmLRBjTSObiomLrkZnQYaCYvZo9ygJLsK2oAHSWtNwDGcxdp/lvfuHcbMhzozRAs1os1o7t6i4XtNDqZBDhY6jSxtqOStKLJAuDz58vouqVHN7jYYe/9aKQMKd/Z79fL6qVQa6ctNkuO88N5PLyWE25trri5pxBptBLQGDPUqO07DGkWm0k238BGEjXjJu7R5X9rInYY1BBYMvB0EeWil9ANkHD4QuxT3kkl4FVwz0qcCGvdJg2LiJtMbis1t/8AaQ9xc3Z9BppsMGvUEgnkCWtaOBc6TwQUW2F6DYJ5l9CmJ1hgHoIWk2R0cwuGkUqYZaLWsTJ05gHwHALzbZn7QcUysynjaTQ18ZXtYWROjtS17bi4NpW1rbTcSb2hVUHY/T2e2k533z8pMgNcWxPNsKUdoNbMFzid7nucfU28FR1K7ilp4Z7t3iVohYVdpFxCkYTG5ZM/reqx3UUQTVqieR0VHtzppgWUntpvLnZHARBuQQNOaWCDTrjab65qioKbspL2uIIpBz+rotgGQ7JncBrmHBRNoUxFGo6pScG1/u+qcXNbTax5aJIH4QzxVX0P6RU8lBlWrUb1AcBTYwubUzAgF2USSAYurzGg4l7HCh1FCm3LSZABOmao4DRxgW3ABc2zaQGz2OAuZzEuJ5kzbu0VpTFr67kLKDW2MxqLeoUhsRlIvun2KwbGgBuSAeXsUo5D/K5txIvGosgBy6T4FcG/9J1htxHeENt/+UKN9WEJhORfW/okDDO4FAAQgdTT7WyeHmhhAMNBRAzuThYf1KR1Lf7aeKAacwLkQb+gFyAJrQOZ9PD6rsu6x80bZNhMbyf1ouB3DxOnnwHJUyBOXePVEGzZpE7zy39wTjRPZFhqTbz5BCHxMOMd2vqgBibAzxOlvohygkgRbeZvG9OgTYTfWw189EmYzlZccbCfoFAMscLAwBP8yecxrrkgNA0vYeI1KJ5mGtN+OUXO/wAE1MSM0idwEHmgFaGuvAAHfp+EeKFtIRPZgcz5Jx8GGjyi5cd9k3UcZDGXExuuTqf1uCA5rrkyJuQO18XHhbVAxhaC4wToO86nyPqnnNzOADtLfAO0eM/qyFzoETIEwYEa38EBHLRlm0kwLnQa/koGPqEN3Q7mZgH6+ytqjM7mgcgJA8zfjJUTH4cvdDbj4W2Gmk+5QGJ2ft6tgahHx0STAOnOD+F365rb7I6eYJ5h7arXcBTLvVkkrIbawRDiWAFpMZS2zudjY8xdUJwVGof4vUu+Wq1xbPKowG3e0LSZKR7xh9t4VxAbiMma0PBY6+6HBpO5Bs7o/g8M4voU2NeZiplLnCeBc45fCF4gNmYnLkZVbVZ8tPEtLbXHYLgfRer9HcTUGHpCrZ4Y0OkjUCLmVpOzLVFV+0HEVAKOG6+o41nE1CSA3q2RmlrQOIMaQ0qFsrZdDG4fD1K9I0qbHPbQaHQ2oC8XqS0ySZl0iYJnconS/a7WbSw77PbTY3MLEdp7w8Rv7MWV3hyKwxLsTjaTqFamGMDXNZ1bZlzQy5aYAGh7tyhUVHSLBYk4V78UxjXdawUQ17HAAnLlblOmTzgLX4jGUqN61VreUgn6eqxWPotxJbQwTXNw9LtB5BBqVGj44/CA0Q0a7zclW2y+iLTLqj3PdlJuSbjjOtkuhVkrE9OqTbUKTqh0BNhPv7qDW2jtLExcUmm0DX9QeC0OEwjGAtaIMEwN8bvKVIpk5SCHOuCOUe6NsJIy1Popmh1V7qjjxJgQbiFaYfYOHpmW0xHAie8TwVw0kggZhHaEiORH64IhOU6y24vu0PfuKhSLTwraZs0AcQ3cdDZG5pByzAnh6o2NDmu1BF9bEb0ESLmzRrM+fdKgAdTIkGeVrj6hAKRdYSTzA04FPVWyAZEi2ouNx70jmCMwvuMHyKFBYyRpccB5ldTaRxJ7ggY0ntC0c/IhPZd4t3H/ACoUbygGYPO0hC0RppwMT3f5TkRoRv325jXRDVpAEEAZTzJg8NUAlSnbeR3jyQupwN5G6+ieI3iI0g7uSGBGrYNt/wCggG3SAJ89UAcDw8ynWQ2wIIPEH6JHtAvqOMactNUAGTuHO8ITY6t8z9E4DA+IweQseaB45kju0KAB0TqAkRipGh8wuQDLDvkp3KD2ZPG8H/cbrs5JgPgC980AcyNSmqbnf6nq8KkDmeyw24zGbmeA5JwVBGVrnc4Gp3AX0TL6xjKHAk3cSXHwFtPdOsp9X+KXnWDAYOAn8XEqAIwDZ5PcPPeuLoaRJvqbabhqlZWyiSYJ0BnSLkxPgk60xIfEzGvnogEccgAB7RF9xaOA5lB1paLuMu0i8N89T7IqeIvLnT53PPvSU6Gdxc51hd2s66C2pKAbL4gh7pOlrxpPxcZ8k7QqAA9p0kRppx/FrCRlV7nASQNTHwtaPyARvqZ32fEmAO0O7dqgEowwFwJk2bYCOJsdwt4osO4hrnZjYZRee0f8SlJMfGCBpGbxiyCqS4AAy0Dgbk3J0vu8kAtFxg9t1o46k6a9/kkY7KZJOhHG5EA696k1n9W1rRMkS6LXMR5D3TNVxyCXQSSd5sLD80BFpYVhzON8rbGABJ7IvPPhuVNiejFOsSZIgEki/IR4kLQiWgduRcR2pMRf1Tge0NcJMuiLGIB337kBgXdB3umHgwCbjh5pcN0UrfCKgjSA58XtpC9ApNyseZMgAWtq4b55IsLUILgXEHKd5J3ceaoMZgugNJzw173SQT2QNYO881a7I6J4Vr2hzC+fnJO7cNPRXdJud0BzgYmYta538kuGxLWuD5cY3Wv6oDsPTbZreyNBDRb1R0jBmHaG3GQRBQ0coLf6huA3jmuxDsr3RqCe/WxQgeFpw8SHcN5sRB3c1zLOAh1jDoBuND5ygrhuY6nf53/NdVyiBGoBGg18OKoCdSDSQZsbiRNjeLcE6W5XG0xOp1B0nSZCDrA8lwabx+KZgRPwrq7CQ0w75TbhoTbgQPBQCtJbfKByncfFR6rIduIk7xDhwN9YspXVEsBynsmN4sbjdfePJMNotIOsg6A7uMR+pQo1UcGvLC0ZbFpBMFu7fwUhzSDLYgi0nUHlKj1WucG/dFxbOmaYPoR9U9hGOcMuUti4Pa8W3/U96gFY0iCYuD+IXGmqV7YMWMbi4XGsHgipNJtlnhrY+G4/RNtq3hzYiw1EHndUA1WRBgEG4v5tJB1GiWTEwL2vHkQjcxwBEcJnNuOovbXXmiIO9pv3yOYk+qAYJIFgyDI1n/pJSIBmxEaGfI2ulFMtme03hMzwPIowYIsCDcWMHxGh4oUV1ocACOBA8j9UjmWkECdRe3I20TjiRplI0vFuV0ADr3b/AMN/eoBogkG8jQ2OnO2iBliIkeH6kJatNwu1zRO4umD37whzuI/DPBseYt6IAqgP4XeZPpErkEzfMR3AR5blytEGzVsA1gN98yT4eyDEFwIDaIJGph0TwF7xxRudllocJ0Lt39I+qWgxrAC6x1aAJP8AUb+SgBoB7SCKQaZ3g281Iay0uYDui9zxN9E1laQSXED+iSTw1uU26nTFy90cMg/9kAQoSC99mzc2k8GjmU5TeahADW8rCAB38E1WdScWgF+UaAMbc7z8VypNVmXsNM6ZiQBfc3uHugFNz2WN4AQJ4T/0gqZ4y5BxiAOUmNd6INAbmcYJkMgCeBdqENGmy4BcMo1yCOHzIBBSLWDs9p1zG5oNmnXfc+C6mxzAXkS4yGyP7neVvFKKLNZJP9I/9k/WLCRBIAEAZB/7bygAwdKQewCANIIubDfxXMa+PgGnAfqEuNflApgz+J02JJ0bE7h7oKbBkJOrjDYAmB8Wp4mEBznucZIEmxJyxwnXT6IsTSzEkARo24iBYb96aFNuVxJMNHAXk6a2RNewZTqOAhAHiTkLWQOyAD2QSSe0de9PPZ2WfBeToySN1iO9R6j2udN5JJ1CexhyvgH4QG+EX9UAMPi2UNNo7F3c7IqUlrwS2SIaOzrmBOnIIiGimyQTJc6x0k8xyXNpsyuf2pBEdob/APbyQHbPZDt1g46zuKbwzjmbp8XARrv5JKOIDSCByudxsdyWlGYdmwdx59ypAn1XgmH6E6D00shrveJBqdoxvO/S/cUmIkPfE/E7cUeKcMzTlE5GmTmnSOI4IAcVLiDn/C0OsdW2JlOPf922H6EtJuOYsfFI+S2WskzBjPwBG+ybY5929XYmSIdu0OqFHWVHFjoeeyQRrBBsd/choy6xPE98DRO4Kk7Nl6uA4Fsw60+PFNUKVRsdl0tO8HcgCo1hB1ILY0vy37imWua0zc8eyNDrvUjFnI8wAJuOyLTeEVRjnND2hotBADYnxG9AQQwsf3XB4jUeEJ11BjTLMwa4SLN8vD8lJDKh8B/JYD8krW5mlri0AXbdog/QqAZFFsAySCYPZ04A3S1A1xvIO82uiwrYnSDY3YR3i+oSuJa4ggWPBpBHHS4VAjgCIEyOO8Du3j2TdMA2J7iI8jKea0jtA2Ohlo9OIQvDom0DW7fBANta02MjjcW9EgeGgjL/AMvXRc9hf2i5odYHtDtc+9HTmMmYDgZ0PAxuKgAFRvCdxBdr5BBlgWmNNNORRNruFnExvubc0T6ZA+IQbgy7TyQDRgt0O7MJNvTT9cE2WjQNvzJM8I3p3q3DtCoNf5vUEJHBoghwHK8A7otoqUbfmN8o52f6wVyceJN3wd+plIhBhoYBmLRP4QS6/PuQUmlxJcY3kppuLeTdxOnBPYmoSynJ1E+MxKgCfVzQA2wsPr3rsS0NgZQXDW7o7hfclwZgPcNQ2x4XS06zi67jqN5QA0sQWkODGgjQw4+5TuHeT8TWxqYzWHnvR4yq4uNzYka7gmqVZ0ntHTiUoHY3NUcCBrAEeQCerQ0ZBDgLuPF2/TcEuBrvl/adYGLngoNEe4QE18NaDluTbXQanVNip/KPWF2MrOFTKHENAEAEgCwUoVD1epu69+SAjFznOjICSbwDv8U9jHHNAaQGjKLcNfVRzUd8x8yuznifMoCRUcWMDYEuOY5gDbQfmjw5Ja92VpjTsDU77BDjh2zyDfYIx/CHefQWQDbetizb2NmN+iB7qskkSZ+Vv0RbN18Heyhx2h+tyUC2xTyYtMNGnHUrg4tpGDEuF/BQdxUtn8FvN59koHYWo4u+LcfZR6bng3f3dsSfVHhR23f0n2TGFpjWLylEJNalV0LgIF5eJnzXVWhzWdtpc0Q6TO+ycxY7bvD2CgZvdEUmVWxTd2hq0wPEfmEGA+IXPaGXzlEN/wDTKba7TvCtEEpMcwkOdMHiSjNOwuOWvr9EWM/iv70jR2PEoih9e0taCbgkCx0n/tHRggtzXOlouNB7hRWUwTdTMgkd4/JAR6VYiDB5gndoQgr4ZrXEAujUWGh8VOxdBoeQBaeJRY+i1rWQPwnipYohtY0NFyfDSON0Qy5QCTI0MDQ7jfik2P23ua64ifJShh28PUo2KI1FjXWJN9LaEaX9Ey+o5sgiQNQrR+HbOnqU9icO0xbdxKai0U5YwRDnEEcB+ZSubTIkZuYMW5p/F0Wik8gXBEHv1UVo7TDxIB5g6hEQSq4ECx7ydRwNl1AgDKZynn8PEhWONota4hoAuo+KAytMDfuHFEykN7A0mDbno4IqgbaGmDxOneuNYwBaO4I8E8lwFoOtgqQbbl0gjxkeFlyQNu4c1yA//9k=\" alt=\"\" width=\"223\" height=\"106\" /></p>\n<p>附上開箱影片</p>\n<p><iframe src=\"https://www.youtube.com/embed/O-zH-3jNOTI\" width=\"560\" height=\"314\" allowfullscreen=\"allowfullscreen\"></iframe></p>','https://aru0828practicebucket.s3.ap-northeast-2.amazonaws.com/bf54ae18252ef2b5ae107487404b3cc9','2021-07-15 11:02:34','2021-07-19 15:50:26',0,''),(22,28,'0722 test edit ','<p>Hello, World!</p>\n<p>test<img src=\"data:image/png;base64,iVBORw0KGgoAAAANSUhEUgAAA18AAAA4CAYAAAACX0IWAAAgAElEQVR4Ae2deXQdxfXnnwSJI0POnJnM7485OTPnTLbfj4TJhEx2CHFw4sQxZCNkI/wIhJifD8svkAVCIIltjDeMwcasMVhewRtewMKLvMiA7XjBmyRb+/qk97Rbu/Sk75xb3dVdvb2t35P0pKtzWt2vu6q6+vbtW/Xpe6s6EG5uQ1VtIyqqg3Et1fWNqKkLoS4YRrCxGQ0hXvzJoAUNIXNpDLWgMSyXVjSGWxGipUld2hBq0pfmNoT0he6lfWlqboOxtLSjqaUdzerS2o5msXSguVVZ2jrQEsfS3KbkMfLrZSrnofOKRamPva70W16LWMtrFGvz+kkmDY3NqA02oaaOdLchLt0VOl4TREVVEOVV9WIdr95zuvjsQ+DhYkykJRgMgheWAetA5uoA2/b4bPt4klM59XepH2D0e7kPMZ7ubyZcSwAABiMRBEPNUTuwVTUNqG9oYthKOWya4EUQNmbgqzVO+DKAS4Ww9MIXwSgBmLa0oCHcjKra6Maz0jCyE6+hyQRDNJHrWF5djwp6KRBFR1l/o8snmuz4WPplxzqcfhmzHqdPxqy/6ZMt6627bAV8EYDRX3tHl2sHgLwLmneGvVz+vFxu8ksGvsgLlCLPF3mn3DxfBFUxPF/uXi+CMJt3TXq9aJ2U58v0egkPoAFeBGC6lzDUgtr6sKv+csfV/eFnozi25FJe5V4f1l93ubD+jj25sA6PvXvCz0n894T1N35ZsV75k5UFvgjAOrt6LB3Ymvowe7tS7u1SISy98EWhfAbwuIUdRoOvKADmDV7xwZdbyKF32GF88EUvCOoabABWE90jxgbEnwFh+aVWfiIcVvWAsf5a2iPWt9TqWzrkyTo89u9ROu77eCmT9Zf1dyR02QFfBGDkXaCTV9U0irE1qff2qPAx0bdHEL4IxNwAzGvclwwppHFd9kUec6yTDzlMBXwRgNXUh4T+VtJYMBrbpXZmeZvlMcZ1oFIPQWT95U5Aptou1mHW3UzVXao36y/rb7r11xW+hoaGUF3XiDoe4zUCXj+f8EXhh1Em3LB4vrzgK5b3ywFY6vgu+3byIYcW+JJhlbbJNqKFHWqhsSTPZjGGxhxMy4Yk3YaEy0+ljmljwFh/UylTLmtkn1HW4ZGVN+t3auXN+ptaebJ+2uXpCl/k/Wpr7xwB8JjoXi+6/jjhK50zHhrwRV4rO0wl8tvp9aKZFaW3zQh/dJmV0QJeBJNe8KXP/qhOuCHGfdnkWKt7v+wKz7/ZCGaCDvA4L9bTTNDTaHVkHWYdjqYfY/0Y6y/rbzp11BO+enr7GL7SOtZLBU8bgMlJJPSJJcRU8z7gKzHvV7IA5g+8/MKXHWLrgk0cXjfGw+vSadgyvmyPyTcy/rpYJyeOXWIdnjj3ejw+16y/rL9p1GtP+KLQQx7rpQJSOrdt8BXXt77in/HQC77II2X55pfFAxYvhOnQFW2GwzhmOfSGr/gn21ABLNanE7gTy2+1xrIOcMgh6+dY1s946sY6zDocj56M1TSsv6y/6dRNT/ii0MNgI3/Xa2QA1Cd8KeO+aPwXgYzboob9yVBAB3xJIDMm4fCCMG/okmXKc6jndauXN3hR+GFy8FV8sQwXSiv5zU0a39yk0zBN9LLfzNuL4++fY/1l/c1YHWAd5s5rJttx1l/W33TqL8PXiIUWRvOcxQlfqQw9jDb5hgQwhydMAS4XT5eELlq7gRdBmC/4inO8F3nA3jt6HGeKLmZsxyWdDz2XPfYblcVPLcP+Q++x/jJ8ZawOsA6PfTvDbYH3PWL99ZYN641/2YwN+GoMo2FCe9ms8EXwYHw8WPmgsBj7ZfcEqRNT6LMexu39UgDMNQRRhbA4tw3osoUa+gYvum5FFtqEG5qc1HBDue0HvvJLQ7j+RB8mHRjG5INDyNk/iJz8QUzOH8AVe/txxe4+XLG7F1fkdeOKXd2Y/GYXcnZ0ImdbB3K2tmPylnZM2tiG6/e0If8Cf2eMDXXihjrVDX9VTQPCTW3o6upGf28vhgYGxELbnZ3dCDe1opK/KZaxoDMWnzE/OlxTFwKNO7f/DQ8Pg5ZIJAIaGkELbcv99vRUBpU1FuXDdUrcLo6kzPzor1s92QaP7fvtds/SuW9swNeY8D5F80yNxDErgDW6AFgq4Is8T2oYoNhWPFWq9yrR7WTAKx0hhxQq6ge+vnasH4FjQPb+IQT2DSGwN4LAnkEEdg0gsLMPge29CGzrQWBrNwKbuxDYeAmBTR3I2tKBrI3tCGxoRfb6FgS29OOrO7jhT6cBG69lp7Lhp9Ddgf4Be7/U8Xugr194pserTPm6Rrbz40eHe/v6HfpJOwiyBgY0XZYARvtpHx1z+6Oy+N6P7L0fD/L2o7/262cbzPpn14nRhS/ydjU2IXzybTRUFE/wCT7ihC9H6KEy8UacY79iAViiXjALdCXg8UoUvKyeL907aJtiXvN8NeNdH2GHkwqGkZ0/hOx9EWTtGUTW7gFkvdWHzxzoxxcP9eGa/b24Jr8H1+zrxuf3dOPqXZ24clMbslY1I2tdM7LWNyN7bRjZq8OY9AobHbvR4d+xdSJVDX97R6fRH40AiATr0Pv2DnSvXSmWnl3bEamrAR2Tf5SH71Hse8Qyii4jPzosdVFdq7B1/vx5zJgxAzfeeCNom/6kF0zNI7f5XkW/Vywfp3z86K8qT7bBTtmq8pmo26MLX6FmNFYWo3/RNeh85ZcINjSioSE8QSHMCl/W0EMCjVaxJOL9ihZ+GA+AqVClesHU/Y5tm2eNzuO1yI9DG2s1hNIeXmkJOTTDMmWYoXXtD74mHyaPVwTZezXwCuT14bKdvXivNYLuyDDaB4dwaXAYHYPDYt02MITa7gg2V/ThX9Y0IWsVgVcIgVcbMXllLXdkedxOwjqQioZfNvqD1DFtbsKlhX9H+KYpCE+5BqEvfFIs4W9cg/CN38ClRXMw1BiE9B0wgHGHwW+nyI8OS2iSUCW9XYODg1i2bBkuv/xyBAIBsdA27aNj9EdpCcTUP7/Xwvkn3vPgR3+lvrANnnh6I+99rPXowVdjGMHKUgFazYdWAYs+hdZtf9XAi8aATchQRCuAeYYepsj75QpgEp6UUEQHYNmPyTy2tRd0yf0GdEX7qLI+1isRrxfpjh/P1+SCIRFmmL1nAFl5fQjs7MXH9/aiqV9v0B3hLdRl1bqta0t6EHghiMtyGxH4RxCTX2b4imWE+LizgfLb8DeEW0TfU3i7SorR9NMZCH31Mwhf938Q+trVCH/7y2IJXXs1wl//LBo/+7/Q9tiDBnxRZgqV4XvjvDcsk/hk4keHZQihHNdF+lhYWIgbbrhBANctt9yCq666Siy0TSBGxygN/an5qCy+Z/HdM5aTKSc/+ktyZBtsypL1yimLEYevYENIhBq27pyHvqevReh0vgCt1m1/AxZ/CuHDa8c0gB2cPxXXzT+YJBwWYe3Mqbh/dZFHfit8Je39SiD8UIKQYxyYDaQsAKYeq69AUVkQBFKyDFlmtPVrm7fiwT/9GeXVdQhZPF7a9PKvbdqKB//4MMqram0TbcT2evmFr5wDEQQo1DCvH5ft6hVju6YX9GJoeBiDQ9qA79quCArbB9E5qAHZ4NCQONY5MIRPr29E1gv1yP5HPXJeqE6g4T+NV++aiuumqMvdePVEELvnamtpxHbPnYp5ebYH+kQu7rHkVctxbjvyk4cqbz6um7s3gTpTHez1no/dVJajPvp+wxO2F/M86zsfr6682yaLqbhn5Wnvup3ZgSUL38I5o3ybfNT9RSexJ/8MitV9CWwfOHwEv/2Pe0FreU/Udazjalq3bT8NP02c0d/fTwNkMNTYjJZfzECIoOv6z6HpZzPQteoF9B05jL4j76Br1Yto+vE0NN/1C0RqqrSXCPrLhYHBwcQn4SD9uSsXpxKQpdv1x79P0z1XXR6xOkTRszFah3PFZbj/wT8hd93rrvob63g898ePDhMwUZgh/ZEna/HixZg0aRI+/OEP4+WXXxb7v/KVr4AW+qN9dIzSUFrpKZOTccRTX06TWXo854lFoMXrvsU67pVP7vejv6Nqg9NqczR762iHye6Ltpz6KR5pUlqvkThHtOfhIo68nY/jF6KliX5sxOFLerRCZw6g+7npiMz7JFr2rhAw0rnmN+J349kCHcDG3nfG0gtfNLGHFcBS4f0iMIoGQvKYhKeE1jb4kmVFW1N9/vL3ueJh/dWvf4PyKhXAWkHgJQHkXOEFd/iyyUmTmzkxih/PV87+CAJ5/WKc1+W7ehDY1Il/P9IjnFuRoWFcGhjClF0t+MjaEL62vQn1XYNisHe/DmLf3NCArGdrcNlLdch5LtFvje3FPL3zemrl3Rpg5c031sLoKb9jg5JZnmxUPNcOWHICm7wv1g42GUIJVso2lWeAnLLfxQgLuMxT07sYrrz5Tvg69Toe++VtuO3Xd+E3d9+De3/3ezz4p0fw58dmY/bjC7Fg8VIsXf48Nh8uc2mky3Dq3dMorNDOVV4RPyhTp5VkMe17NzoAjMCL9tNxr86t5z3QZeOn4adZDcmFRV3XrhcfRsP/+zRCX78GrffegUg4JDqr5Kel47Tur6lBfzgMeo0wGBlCRInYStj7xfDlomcuuuzyDMTSiVQeP3byjGFj7TpK4PXLf79DHH/oL39L+nr86LAMGzx37hy+853vICsrCzfddBNKSkqE/tI/Fb7oNx2jNJSW8lBe+qOykpHdqVdnGjISdu83a2wvFc4g9zeqjZyJ3BO2e/32PGsZs/OTqksy9R/veX5w80+FbB9+1KmjtI/uGaVJVg5+9HdUbXBabYsL9Ih+g/py2CVNyus0EuewPcuWa8hA+GqsKkNIn1wj2BBG+4b7gKf+FW0b/hPB8mL0Pn8j+hZ/AaGS98ckgPmDLxMOJIQ611b4iur9SiD8MF4Ak9AUN4DVV6CwLIjGOAGP6kELebxuvf1OYSBNALOC12sbt7qDV9gpo5TC174BBN7qRdbObmTt6Ebg9Q48er7XmE3r/dYBfCA3hMDqMAIvNCC/vlc08v2i1zqMr66tQ9ayKmQ/X4Oc5eUJGn8TljT4UrxDBGUWQJLAoxkJ8oaJToKnN8l2XPVQiDdX1vLib7TIEN6Ne+aSx4O29XJO5GKe4alS9luMmKz73Xg1WfhaVhBdxife9oAvq3FNBL5INtQxJXmrAKaC12h1XLu7u4U+DveWYWDvR9Dxh/+Bph9+G5GGeq0z2t+P4SFCL6IszbsgDliCDrUw2q7u3uiytd/LuOArlQ2nVpa350t7fryPW3Ugfp3P/HzyBQLpsAQwFbx+cduvQb+TlYmfzit5vjo7O/G5z31OhBTed999morq/zdt2oScnByx0Lb6R2kpDJHyUhmJhx3mYw7ZUDtsEUgZ8KSlmfO2qgf5mKPkEfCm/CY50j5rHjW/BnOzXj2TtMyTvVeZmI9s7benay+5VACT4EXHKE2y1+ZHf0fVBtttctK/47Sdcdl8Vc8T3Y6zHklfZ6L1ofSZBF8NYQQbm9Dy5nxEnvhXtL/+ABrPHxaA1VSQi8EnPonul36Mpr3PofMfP0e48CjDl+7dcfN+0QQc7pNveM9+mCiASRCLuk4AviR4yTV5vFQAW7V2gwEP5P2yjvOiCUeizXBIQGbCrS/P155+BHb2IGt7FwLbOpH1Wjv2N2qDuamR317Wg8CiWgReasDnXgujs18LOaSwxJOhXnx4WQWyn61G4Nkq5DyTaOdFga0pZmjh7rlWMDq1cr4IR1QbFi00UeaXb6JMmKO0BHTXTaGylP0EdALEZF4bpNlgzhFyIIDrbsybezfuWbnXgC/DcyeMojt8afVxns95Di0k0rE/Kc9XJU4e3Is9+QUoePefOHamHGXVQSQKXyRPFcDWb9xqeLz8gBeV66fhHxjoEX3R4fpVGNyfjYG8AAaOPCT2DQ32i84oeXDP1kRwuiqC05UDOF01iNPVEbxfFUFh3RAGdCbr6x9IrPMSV0PM8KU+t6O5rQLYS6+uNjxefsHLrw6TsobDYXz84x/HZZddhg996EN45JFHUFRUhNtvv13A1fXXXw9aCLRoHx2jNJSW8lBeKoP+4pdxfADkBlbWc7jBWaxOXnzntp4nVpnj+7gdwFIFXn71d1RtcMogJE7oicvm+9HDOOuRsuuOp66ZBF96xzhUfBxt2/6Gric+CzzxSXQ8/yM0Hd8hxn71Lp+CttUzLZ1otUMde1sbU7UwvxnCQyU7jTPXoUjpmIty8hcZHX3NW7AIB+1pQgexUJZB6/kHtXJtY76KVs+ylEXnd6+ry5gvSz1kHZyencb9i3DdzHUoPr8O9xt1WowCgrD9i5Xzz8L68zRuqgCLpkzF/WsuCE+TBB5aX1g7C1Pv3YhS8lZdeAOP33YH7rjrPzDr3iext8waoliYtwIvvPwKVq1Zjw0b9+JcWRHe3X0UF4J6ujjgSz23sa2P81IBTHptJHhZ4Su+sV5S7r7ga3cfAju6kbWtC4EtHfjQhjY095gf8ixrG0Tu+S7klvWgqmtQjK3p00MOZ7/TgsC8Elz+XBUCyyqQ83RpAg0/PfQmFEl4kWsDwGT4nSWszz4uTBosrbzdxvgpCXHmeYzG3IAwfbyW6hmThk2eW/4WaxOsNO8bncPcJ8s3PXOyDhoMklfCEnboeo4o8OXD81VaeBpnSzVjmwx80bVpAHYDrvumBpF+wctvwz88pH0jKVIxDwO7sjCw93JEQqsFdA1FtJcI3X1DmPJ4J7746CV85a+dYvnSY534/F8u4fo5XSiq1+grEkkwZEs2xBYPrfkSwTkOUI7j04BM0wUTxjXY1o5J+2ANtTXzST0z1lQXw1ZqZZoeMFuZ4oWEtdG1vhiglxnymbKmM85nPAv2+uvplfpcf8MC7FOeoYMr7sSdv52FWff9Dg/kHkvQZkSrT+xjBGDXTpkqFpJXKsDLtw4PD6OtrQ0f/ehHcdtttwmoIsiaPHmygK1FixaJ2Q1phkPaVo8RgFEeyktlJOT5EmGC87BHuTfW+6vJM+XwdWINZtl01fSA2cMbnfUT9THyU/ijE/72zDb10vTgxdYPt+sfS/tMALtBPO9+PV7y2vy8ABs9G2zaQ7O9neo+DlexR5qdNNtlMfbb0CfVdmrly5eglnNQetFnsKaR8rSkNYYjaPpnOTZFvjjWx6DHUQ/tHHabLtsWU8fpPFR3su3fnDYd02/6IX74k+U4EON5rzi5Gy/8YxVWrXkNGzZuxeHzLvBVWYWSsqq4bffIjvmqrbJASfPhteh47iYMPf4J9K74Llp2L0NjZYmYkIO+/yU70vGvNbghRTIBSAModZILDZZmYe05E5Ic+85pkOPMZ51wQ0CeCncin7Vss/42+LKnpd8G2FkBrFFCGgGY8AAVY93Mqbhu5izcP3M9LuhTsxcsoH30uw0X1szCdTM3iG0xqYUI+buA9TOn4qlDBE/v4blbfo6Xj0jgOoUNS/ehUg8hPL/zKSxdtgfFRkhhOY5tfxN5CcCXAVt6uKFzco02qB6vH/7kZyiv9J5kg7yA9nFxpnzN++kLvvJ6NI/X1ksIbGzHf9nUhu4BbSCMHIsgXqfq/6hxp7/C5j5c8XQpsp4uR9ayCgSerkDOkotxP4yaATGhSEDXXKUDOXc+5tFiGKO7cY8M8ZPGw+j0KgZMHqO1MLhRjqlGUZRlS+sKRmT0pOHWtue5TQii1kPf1sBSz0/no/PLczgaB6cxrUjK86Ub4+IzKDhdYdyfZOGLGv9vfGuaaPi/MXWar1AX2VClouEfqngcA3kafKF+VUz4+ubjnZg6rxPTF3bjTI0P+DIaYU3OGsRI/aB9WiMpG3B7w2kAkq6r99zlhDcjjV6W+dtsaI3nSfEgS/m6TWCjQp1WZ1X3tTpT2xLrXNZydA+1/Vk6sRoPLtwvdO/Mhkdw66NbcVZ/Js7tfBrr3rNfR/p+U2jh9/XxM9dOuQHkAZNy8rP2pcMKfP3qV7/Cww8/LADryiuvFOv58+eLSTVoYg3aJviSxygt5UkGvgSgGKGFUWQuYSlKWg12XMaBudhBTc7unq89s61l2OuogZeaxoQ1GeJoh0X6LY/5ucdjJe99D/zBeNFy3wO/H3391V+AjbwNdrNT2ksj1d467ZuMilFtntvLJhfbTXba8qLWnkavk5pGjlvXo3FUmyrqpqalF9IOu2s/h5ZGtb3iRTa1RUqfRkKeKYuz2PD7n+FnUV7gFuWvxbIVG1FgTK5RgeN738Jblgk3qlFcXIVyz2fbaUtGBr5ohsNQM1o3/xmRJz+PSy/8CC1v/BXhE2+iseQUwkffQNcrP0fz3uc04Er6W182uNE9WQKsDEDSYMyEM9lht+Z1H9ulw50EJAFP0lsly9G8biq0mXBgPUeDACpnfi29DTL0tIdk6B1990p4vMjTpYQgnl+P+6csRgHBmNiWnjDyhrUhdIC8ZIvxDsFQ8Wb89ZZHsOOihC9lXXEYaxevwXtVyj6CsLITccGXA7rofB6zGmpvXbTBsbQtxoBV1hrfNksk3FDK2hd8vdWNwJZLyN7SjsDaVnxldwcGh7VZDim0kP4IuOTSMziEd+p78D9frEBgcakAr6yl5Qg8VY6cJy8k2BDoRkQHLNUoxW7odCNnwJnyptO+TzFIbm+55D3xXts70/pv0WF2n6lQlGUxqtLztRfzqD4u8GUaSafxEvIg+IpiOEUatzFfpefxzrtFKFWMZXlFTYL3KihAS06u8aOf/kJ0ANQxYLHvmft1+em49vdrYYdDwVxgXxYG3g6gpugxobeRyIDQWxl2+H7VIE5VDeBMdQT3rurBlx7txA+WdKOmWdPzpMIOHV4ke+NpbzhJBt771MaT5CnfXmqy1fJ5Pyf2c7vLW3sGpE575BEA5Q1fotOgPleKblnLt9bhwDO34tYVhxPWvWR1S82njvH6/o9vMbxfcgyYmjbRbT86TMpKIYMf+9jHkJ2dLUIJH3vsMRQXF+OOO+4QsHXttdeCFgIv2kfHKA2FHVIeypto2CGBjelxst4nx/VLACPb6gFhGoCRHVbhyKtcd/hynNfinXN6uER6vW4SsOzA5ihT1dUM25ahhlO/MwNTv/M9YYPVMWDJXqsf/R09G+xmR3WwMtpeD/vmsMFu6VzKjwVfjuNe+q/vt7+oigO+nMCml6X3R8Tsy3rbYW9PKvYtx89++TwOuer9Kbyx5Bm8edJW55IzOGSBL9tx17KsaUYGvnQIajq6FR2b/4SOl27BpQVfABZ8CnjiE+h96lq0rLsXwWBjEt4uE3oaQhrc2MHKAl92b5MSaijSCbCyQZKSxgJl0htl79jSbwloSl5ZPxPMdJij8EDX6ecVAKNzkdcrZIbfNeqgdUiO/6K1AVw09qsVwhO2oMAAH/p9/1ozFPHIsz/HLynscOUJEZ5ojO86vQMLFu9CoeH10iGszjvs0BW4PD1etsk1Nm0VHi91DBh5wJIBLwIwX/C1owuBTe24fFMbAiub8MjxTtFxpenkaX64x0+249Gjrfjb0RbcezCMr71Wg8CTJdryDEFXKbKWlIrfOYuKEuxU2TxfeWTsTLAhGCFDIzqbElaMB11Ja+wzyzMaIUc+zSgY5Rp5rcaC8run0c9Lhm5url7f+M5L5ZH3jqbTN95UTdE9XNIDFqU+yXq+zh91jvkqK08MvsjjJcFLhhpqIYjWSTgMuUe7DtsxPw1/lz7hBnoq0L7/XzB/62cwZesdqOtsEHrcH6GP0JJny5xwo717CDcv7cRX/9aF21/oFkdoqvrUTLhhb8RdGnAPD5YVtDR9FG8vDcjRykoGvkj3rC8X9OfM0fjL58B+HXI/rd2uyXmczud4ofD+Jsy+ncIO52HbWTWPc/vC0bexcetO7HhrD97edwgHj120vEBIRNdU8JKhhuoYML8A5keHKcKAJsu45pprBFzZJ9zYsmWLMeEGbat/csINyktlJDLbYULwJZ9ZZUZDCTvW+2B6ohyTeMgyxNobvqxhhQRzeuihgCw3sLNBmQGKbmmdemat/9g9LsFLhhqaIYhT4RfA/Ojv6Nlgd3sobJ2EL0/7pkOaYVvd7J2LnXPAlTWN1V576JKAJPVlcWIeOO9z0DWYZbm1J1Hhq/AAcpesxcFie71dwg6r61BWPgbCDuv1sMGii+XY+MZbqAs6P5wcrKtD+FwBWnY9idadT6A+GMamN95CUUm5gDBZhvRmxF6nFr7sEEfnd8KXl+dKhUK57QV15tgyK4TFgi8KjVwMgi9jAg4bfGnjwcgTJseByW1t1kENmMrw5hwa8/WfeGD9aW2MGMHXqvdQHQW+RN76CpwvC6JBQpZ97fB2UT1asWPXbqPjo47xIuAyAezO0YGv7RRu2IYPbGxB4IVGvFLcrXkLhodxqT+CjzxXjcCyKgSWV4nQwsCTZQhQqOHTGngFlpQga3EJAosuImdB4QjDl2rAomwbBtY0KpZQLGGgnR1Fd/jSjLT2RokMrxUWZUNuKV/vdAj4MmZE1OsioUuuLR0Us76yXPv63TUbcCTePOUleL+QDGYNSsri/yA2TdVtBy9ZDxXAKJ3cn8jaT8NPL1CGaebCYeCl44vwv3Nn4LPrfoDb9zyEhi5tAgK1s9ra3Y8Hcgdw3ewufPmxS1hVQGPGaIwjxCcqEqm38PDIRt64B/ZG3No4a+Vr++wQ5dZYWhta93xmne3nJv1R9dXUOW0iGvl9OukFU/XNrSx5PFY9ZDqtjOtv+DYezD1r1Y1DK7UxX394GrvOyfTpW8vp5CV4SZmpALbpjZ3WOhr3NHa9/OiwDO8+f/48vvvd74rp42fMmIGLFy8aqmufap6OURqaan769OmWDy7La4u1tofnxUqvHtcAKRrcaEDk5SWrqHaDL5c8qudLQJVzDFhFtQ2+5H0zQDFaPWPfW/W6R2t79hMLRR9Cgpesh2EKTrgAABJTSURBVApglEbuT3TtR39Hzwa726HRhi/HCyepj/pLK0vYogMO3eyudp2yXGuboOov5fULX2/ipFFfWbYNvspKcbawBKWV8njsddo8XxKczhWV4LUtO1Df0Az6kHJf7q/QvurXaF91J9pW/xZta2eh5/V70JK3BHUNzSIt5SHQkWXEhi4r3NihyeL50ifRsKexe6UskGV4r3RPlfRqRfGiudfZC770+ruGIeoApnu+isjzJb1fYvKNRQZ8CQCzw1dTsRjjtWh/qzYGTPGCGWGAEphKd+PZPyxDfnkbQkrYocWjVXYCu3YfRXFQhzcv+PKALgIvWh7440PCcKrgRfWnRQWwo/88Ka7XOc6L5CLvu3Pty/P1RgcCG1qRva4ZgZUhbKvpM0IMS9v68d+eq0bWimpk0frZKmQvr0BAhBmW6R6wi8haeBGBBReQM/98gsZfMzTyjfw84fkyIYo6p8KQSm+rBaLIINk7jfF5oLQ39/a88lyq8TK3zcZMDxsUBspaBzKKokMtvGLOjzcLmFupfhx6PnZL6JJrxfA5AM4IO3wHL83ZoX9g+Z9Yv3wvCvV8RQffRoHjzZVmHItP69/5Ki9HSQKG8/mXXxH6Kz1epiy0ciWAUTr7sXh++2n46QOfvf19AsCCPe24acdMXL3uRvzf9T/Ad7fdhRVn1uFg7TEU1B/HyvObcfPOB/HlZa/h2r/34NYVPejo0UIOe/sHUvSRZXvjaW04NXlo+0YEvhxvauVYSKn/9vrqDan+QsJeR3k/vTsALg3x2wswbfqTyFd0W5bzbu5DeGj98aT0RpYRa00dVLIxdvCS+SSA3f/AH5Ouhx8dppBu+ZFlmlRjyZIlIpyQxnW9+OKLAsBU+KJ9dIymn1+6dKmYjIMSJf6RZQ9ocblPUlbmmvJGhxoBaB4hiq7wRbBkm66+QoUvL8iyhR2addR0cTyEIRJ02cFLXqcEMDou9yW69qO/o2eD3e2oBb5cw/hIL+x22c0O2tPottPyws2axnpumy0UNlXaXf1YEvDleQ7hUTPLJxstgc3QhxSEHV4sOofC0rqEdC3t8HW+qBRrNmwWHeVLbz6OvtW3o3P1nejM/TUurbodl3LvEEB2aecckYbSUp70wVczBIxNsU6Koe1TvFh6SKEKaQLIbCGF2j4ln/COmWWL48Z4Mxt85S9SJgbR62WkVYGiBWJ8mDimwZgAMAO+KBRRAxctFFEfB6aDjjbxxmIsmin36+Ovijbjuc2lRkhi6J/r8MAfXsf7AsaqcXjVU1i6/pjwfgkAqz2HA9vfdIcvV9hSx3lp0CXhq7yqFkePn9Smy5d1N9YtKK+sQbLgRbrjB74mb+1AYH0zsleH8V9Xh1DcNmC8bT0S7MWkZZUIEHw9W4XAMwReZQjoYYYB4fG6gGyCr/nFmDw/Ec+XZrTkWyABJnmmsZIgY99vGBH5FkmCWbS1BdpMwyuhL/baNGjk7TANGl2DckzWyXE+7bpcr0WWJ9dGx8de9gEsffB1nBHHVfgKouLIJmw6FsQ/31iNA0WlKMg7igtGObpMjQk3qlBUlNhgWZL5rt3ahAmm/M17Fc9xr3y030/DT/kpXFf8DQ/jQlsFZuy4G1et/R6uXncTPr3me/jiaz/Bl17/Ca5eeyM+s3Y6rlo/BdNefRlFdRRZq82ISM9qtDq6HnMDG5fG3gkqmu7bwcatsbTmdc9n1k07buqnBC3lJYIOVYbnS44NsIxdM1+K2OtonEsvRz2X8UkIZYA5pX//lVmYds86nK4O4sAzK3DQ0M0i7HzyIazYlehYUavuGXUyynUepw5qtO94xToe6xx+dFhOYkQeMOkFo6nkv/Wtb4kwxJtvvhlXXXWVWGibxn1NmzZNjPsivVfzUVmx6mo5rnuHHGO/aL8OTgRR9uOa50t6oQjE5LaUvQZ29nzquR1QJOqiAJ0RPmiWLfJYzqWdh2y4DIPcM9tM7wp5UfRErd9Y2qaogmiRBbGOx7oWP/pLZY+ODXa3h3Y4Eb8VjxDVV9vnbLtVe+YEtNjw5RVpIOyobjNNmyrtrGKfHVBIz5Pdruv5LP0MbZ9af7f2JGrYYXUQx7c9g2UrdisfWC/G4e3WCTcIvs6OlQk3pNeKQGr1hi0oLa9BcU0LiipbUFRlWypbxDFKQ2nTDV/CY6LDldHJdIMeWxoKCXTziBlQpnd2HcBmlG2DL32MmlGHKVaIs3h2FM+X9AI16hN+WCbhUD1fNAZMANghMe28Ngui3EfrNhhjvvSp5veUqsBUg/fWrQC9vX91zXqs37gXZ8uK8A55vur1dHUVOF8aRIMnfKnns23rY9UMcBTwpYxpc53ZMLrHS8rMF3xtbkPW2iZkvxLCFzY1YXBoGP0RbYKNbWWdmpfr2UoEnqk0wYuga/FFBBZqXq/s+cUIzCvC5HmJer5kQ60ZQ2mUVONJ23J/rAZEGD7LWymzfIcXKY4G2O3cRgdT5CejKA24afxEh9mlHprBNz178lkQBtMBX1SeLPsM1tz7ANafktdjgy9RlxLse2UnTtD2qX3Y9p7yweuik9iTfwbFFwtFA15ULssZG2u/DT/pRXuHNlaRBnA197VhzrFnMWXzbbhmw4/wydXT8IncacIb9vVNt+Khd5aguqsSgAZebR2diXVYpe7ECV/qlPNa4+jeaXBrLBODLwlbmo7J50aUIV9OkF7a3pCS/CxphN5p+izLcH/2tDQWPTaeC1PPLVPNG2O+Rmeqeffr8P8c+NFh422XDlLk/aI/Wi9fvhwf+MAHBHARdH3wgx/EihUrLJ4yCWyynMSvURmnJfXE5rHSYMu8pw4Ple6VkrpAawlDnvUx4Mqc+EODK/085AWzeL60+2RJI0BMAzDjfEq5oj62a/Gsj3yuJ+Daj/5KeY68DXa3o2r/QdZNmwRI0V+X9llNo9k9O/TEA1+ko1o+41lQIMnaB5iP3Q7Pl5sNd6mH/RyOGRLtkzXpNi6q50tLc/KtF5Wp5vfgeIkt7LC6GsWFJbg4FqaaN+GrBJu35wmoem3zdmzc4r7QMQIvSns+6bBD1Vs0Frft8JVIHfXwQxuQGCGI6iyIugdJfIRZAI4Zeig9T861Cl1Rtmtt8OUKXTbI0j1wxjl16LJ+x0v5iDJdi+06JXBq69hy8wNfkza0IDs3hOyVDfjvuQ34YV4Tpm0LYsb2BvzbqiptKvlnKkAzGmbR5BpPliBrEUHXBWQtKEbW/CJkzytC9uOFmDTHNq4jgUZMgo7dcMr9hhGNWqbN6MmOBK3djK1bWYZnwC2PEtYoOrBamlfnklGXoKQbOaMcc7/rtUjoMtKbDYT6Fst6/YXYOuce3Pu73+PBPz2CPz82G7MfX4jc/BIDIt7fd0j3kl3EkbyTRlgilVNy4QIulMY/WNZ6bv363GSX5L5UNPxUR6Px13uh9V0h7Kw4gFcKN2Nl4WZsK9+Hio5aMT5MdlSTBq8krzXdskxd+QRW6hvZ1N/31NV19OvmR4elLqprCiGUUEVesJtuugnf//73Ld4uGaqo5qPt8STX+K6F4EvxmI37ZzP1+u5Hf9V7xDY49fdGlW+mbqct7FB6IOqCIVRW1aGishYVVTGWylqRlvLI/ONr7TXNfWyY0OSQOICRV8mYdIO27SDk+dsDwFzhK85yPaErteBFsvIDX1/bEUZgQxeyV9Yj8GKdNrnGUxUILKGlXEyuIcZ4iVDDUjGxBo3vojDDwBNFCMwrFOAVWFSFr76Q/vChTDU+XG/vRilVDT/JmAZ/9w+YobP2jqn83dvXL7zhfF887ouLd4xl5SErn6GzpItufxRCSN/2oj81tJD2yVBFez4qa8LdJxfv2ISTgU/gZBvs/WyzLvmXTdrha3zBU7yQ5JHOCB30OB5lAglTjvECmBwHpn2MeeF+/VtgEoA8oSsGSNUW4p3dR1BcHyOdWr48pzGmSx+fZg8zTIHHS8rJD3zlF9Xj6zvCmPRyPSa/XIsrX67BlS9W48rnqzD52QrkLCtHzjNlyFlagpwlJeJbXjmLipGzsEjMbjh5QSEmzSvC11eWIf9s/DPosUHzb9DGiwxT2fCTTGgAOL146ezqQU9/H2i6eVpo+1JXtwA0SjNe5Of3Oijk0BJeqHthvT2vrLt2mfvR4Zq6EHp6++wcZUx8JL1gBGByUg03+KIyqCx73cbTbwo5NMILCTj0EMNoY8vG0/Wn61r86K9bndgGs41U9YLhKy7g8QNL+vT0ItwrypiuhOrhDmAUkmeGIWrQRTG2968uNifkUEBIhCWqkBTPdiLwpZzLOq5Lwlc847vktSZ2D/zAl/qA8DYbzNHQgVQ3/KNxDZl+TuuYLxuM+Xyrnumyiaf+rMMjZzutY75sMMa6mhR8s/6OnP7GY0/GW5qo8NWgf6tLehN4nRgApFdeEkqcaxPAFLhx8TqZY8J0r1g88BUrjQJczjFdLtAV09tF15e43Am+zhaZ433G24PL1zO+GwZu+Mf3/Z0Izy/rMOtwJus56y/rbzr1Nyp8NTW3JdXxTaazzHkSBwxNZk74Mjxg8ntgxmQcMhRRQpC5doCYDaISOe7u5aJzqTCoe+l8TqzhpTcEX+eKGb7SaTy47PQ1TtTw01TfLOP0yZhlm17Zsg6nV76sv+mVL+tveuU70fU3Knxd6uxm+ErC6+IFBOnb7w5g0SHMG8QkPMUDXDKt99oGXLqnK/pshsl5u1T5Fl0sEx9rnugPOF9/ZjYgb+btxamzRQxfHDKVsTrAOpyZtofbDO2+sf6y/qbzWYgKXzRDltqh5e1kvVMjkc8bwGJDWGwQ84Yr03tmpnEBrrihyz94ST2ta2jK2I5LOh96LjszGpVyBg9+fjNcB1iHM8PWcJvgfp9Yf93lwvriXy5R4YtmD5IdWV6PBECl4hx+IUyCkxtUee2TeTzW+kQgBIHRl1Rcv1lGMNTMnbcM77yxkfdv5FmGLEPWAdYB1gHWAdaBsaMDUeGL5nnl0EOzM585ABoLcrTjYmIO13FhHhBlH7MV7XfcwCXrmh45j/dphtmYjh1jmo57UcnwzC9QMlwHWIfHt41Kh90bS2Wy/rL+pkMfY8IXAVhzazt7wDJi7JcdYCTYxF4bIKZDk2NyjDhAS5YR3btlr4u9zqn/XcXfL+IObAZ3YLnx58Y/HY3/SJbJOsw6PJL6lupzsf6y/qZap+KCL/qQYbiplQEsIwGMYMYOPIn9llClrv2WOZJexGBjMyqr+QOyqTYeXN4INUhVQdbfDIZnfk6CqKiiZ4VtMOvCCNnMVNsL1l9+gZtinYoLvsj7NTQ0jLaOTgawjAUw/xDmH7gI+lLv2YqnzGBjE2rqw2xAUmxAuDMxUp2JelTWjNS5+Dys1+nQAdJhBjDWrXTo1kiUyfrLups6PYsbvgjA6K+3rx+h8Oh1ouPpaHOaeAAnMe+XP/CKpz4jk6Y2SDMgcgeAjWjqjOjIyrKe9ZdfIGT0S6Ry9iJk9P0bWXs39uw06+/YuyeZqJMJw5fOYOgfGERXdw97w0bJk5N6wEwljI0MSPmRQV0wjNr6EKrrQtwQcmc243SApkCmRRuLwC8TMrHxneh1Lq+iFwnUkWP9nei6kInXz/rLEOZHb5OGLwlhvGYJsARYAiwBlgBLgCXAEmAJsARYAiyB2BJg+IotI07BEmAJsARYAiwBlgBLgCXAEmAJsAR8S4Dhy7cIuQCWAEuAJcASYAmwBFgCLAGWAEuAJRBbAgxfsWXEKVgCLAGWAEuAJcASYAmwBFgCLAGWgG8JMHz5FiEXwBJgCbAEWAIsAZYAS4AlwBJgCbAEYksg0NHZBV5YBqwDrAOsA6wDrAOsA6wDrAOsA6wDqdaBS51d6OzqFrOk0yerBiOR2IQyjlMwfDF8MnyzDrAOsA6wDrAOsA6wDrAOsA6MqA709vVheHh4HGOW+6UxfPGDNqIPWqrfpnB5/IaOdYB1gHWAdYB1gHWAdSBzdWCiQRjDF8MXwxfrAOsA6wDrAOsA6wDrAOsA68Co6cClrm4MTRAvGMMXP2ij9qDxW6rMfUvF947vHesA6wDrAOsA6wDrQCp1QADY0JB7rN442svwxfDF8MU6wDrAOsA6wDrAOsA6wDrAOjAmdGAozQBG5UcikaQXv/Vj+OIHbUw8aKl8c8Jl8Zs41gHWAdYB1gHWAdYB1oHM1AGaGXE8/zF8MXwxfLEOsA6wDrAOsA6wDrAOsA6wDowZHeju6U0bf5WVleHw4cMoKCiwLHKffa2mo2OU38/f/wdsg1P2jOY4+gAAAABJRU5ErkJggg==\" alt=\"\" /></p>\n<p>test edit 😙😟</p>','https://aru0828practicebucket.s3.ap-northeast-2.amazonaws.com/22c6d0f5d208c0073c69c5c2ff2c2d7d','2021-07-18 17:50:11','2021-07-22 08:35:06',888,'0722 test edit'),(23,30,'完蛋了gg','<p>He<span style=\"font-size: 14pt;\">llo, World!</span></p>\n<p><span style=\"font-size: 14pt;\">gg</span></p>','https://aru0828practicebucket.s3.ap-northeast-2.amazonaws.com/5854182d8c4a1d9d33db946d7fb5263b','2021-07-18 17:59:04','2021-07-23 15:58:17',555,'ggwrerew'),(31,28,'TEST','<p>Hello, World!</p>','https://aru0828practicebucket.s3.ap-northeast-2.amazonaws.com/fb558908be20c3f3a638941ea3e3e4da','2021-07-22 13:56:21','2021-07-22 13:56:21',312,'321'),(32,28,'432432432','<p>Hello, World!</p>\n<p><img src=\"data:image/jpeg;base64,/9j/4AAQSkZJRgABAQAAAQABAAD/2wCEAAoHCBYVFRgWFBYZGBgaGRocGRwZHRgeJB8aHRwaHBgZGhkcIy4mHCErIR4cJjgnKy80NTY1HCQ7QD0zPy40NTEBDAwMEA8QHxISHzErJCs0NDQ0NDQ2NjQ0MT80NDQ0NDQ0NjQ0PTc6NDQ0NDQ0MTQxPTQ0NDQ0NDQ0NDQ0NDQ0Pf/AABEIAOEA4QMBIgACEQEDEQH/xAAcAAEAAgIDAQAAAAAAAAAAAAAABgcEBQECAwj/xABAEAACAQIDBQYEAwcCBQUAAAABAgADEQQSIQUGMUFREyJhcYGRBzJSoRRCsSNicoKSwdGi8DNDY8LhFiQ0U9L/xAAYAQEBAQEBAAAAAAAAAAAAAAAAAQIDBP/EACgRAQEAAgEEAQMDBQAAAAAAAAABAhEhAxIxQVFxgaETMmEiUnKx8f/aAAwDAQACEQMRAD8AuaIiAiIgIiICIiAiIgIiICIiAiIgIiICIiAiIgIiICIiAiIgIiICIiAiIgIiICIiAiIgIiICIiAiIgIiICIiAiIgIiICIiAiIgIiICIiAiIgIiICIiAiIgIiICIiAiIgIiICIiAiIgIiICIiAiIgIiICIiAiIgIiICIiAiIgIiICIiAnE86lVV1Zgo8SB+s19XbtBf8AmBj0QMx9lBi8LJb4bOcyKYzfeimgp1m8cmUf6iD9pqK3xGt8uH/qe32Cyd0bnSyv/VhTiVs3xGq8RQXyzN+tv7Tw2hv/AFKlEqiCmzHKWDHQH6bgWPj7axtb0cpN2zX1bvevfqnhbpTs1QaMTfKp6WGrHwB06yK4P4o1hXUV0HZ5u/ZLEL1XvcRpzP8AeRDbOx3HfLhzcaLyU8+p1t7yzN0dw8I2EptisInasCzZswIBY5QRfTu20mta8sWzxJw2uH+IeAf/AJpX+NSv3Oh8heSHCbTo1PkqKx42vY2PA2OsjOL+GmzmHdpNSP1U3dbfyklT6iRrG/DTE0LtgsQHGvde9Nv6kujHzUeccMLZiU9Q3vx+DfJjFYEkACoqqDoNEYHI58FdfKTPZ+/WGdC9V1pKHCd9rEMfrUgFOutxbW9o0bS6J5o4IBBBBFwRwIPAgz0kUiIgIiICIiAiIgIiICImBtPatLDrmqsF6DmfIQM+eFbEqvE69BqfYSFj4gUWezK60/qW1/Mi97eWskuHNKsgekUdDrpY6+I6+esuhhbQ3kRBdSnzBdXW+Y2AFgbX1GhI4zR43eJnuq1irABiAKYAUkgGwqBraHXNyMlAw6roFUDoABOrIOkujekD/FOpOZjUe2axWgnd+r9pUJt43N51/wDUGIQXekGF7Ds3pEeFyyoPYmTpkHSeLYdSLFFI6WHnJcZTd+UVwm2Kz6v2KKeHdrueliQqrfyJnbE7YS+XsWrN0SjWH3ZCv3khq4ClfMyU766lV56nXoZpcQ+EUlUDsxYEii1TUg3FyrAHpa/DSZuOM8t4455eJawBTpOt6mBrUv5UufIU3Lf6Zjps7DZ1elXNN/lVXA4nkFqKLH1vN3RTEsf2aMimwHaOWIGvBeuvMk+0yKuw6tQWrVbjjbKoHsdZn/Hbd6cn7rP9orjN16xJeniAWvqwLJY+DIdJrOxqUXbNmDNbM9OoWvbqpY9OglgU93aC/MQfM3+xnUbu0m07ZbdFVB6G0mWeWPNXHHpX3UMp7YxFM9x2a/TMD65bX95ucNvpiEbKSrj6W0bxsGsT7ztvHu0lKnmp1XzEhT3vyWIYAjUac5EBgCndzvl5CoA49CNZ1w3ljty6lwl1jv7rMwu+GFxANKugF9GR1zA+aMLn0BkR333SwyKlbDsuR2yqgYkrzIptr3ORVtFuMpXgdE1F1V6hIZaaqSLt8pYLdT8ykFhwPWZFKo1Qg5swCjKSRwYXvcAX00vaLjfEXp63bfE/LKwu0a9FFSjVZEQWVQzWHkL8PCXJhc2Rc/zZRm/isL/eU5QTI6O1iFZWyngbG9pcWDxK1KaOvyuoYeRF5rOa1pz7rld17zmcTmYUiIgIiICIiAnBMxMXtGlSF6jqoHUyvt6t8i4KUTlTgW5t/jy9+kuk23m8e+K0rpQs78C3EDy+o/aVrjsa9Ry9V2cnqZr6m0eOk11faBPCwlE62bjqLIaaFBma3Z1bkn/qFrd9tNFUoFvqecyH2S9I9tgq5pE62LdzJ9RY8V9CNeNtZV1WuTxMysDt+vR0R7jjlbvC4FgRfW4HDpOVwyl3K3LPa08Fv1Xp93HYZio41aQJFurAaDrrY8NJKNl7wYTED9jXQn6WOVvYyoKO96NUSrUSsrJ3QtOp3CDxZlYXJ1va5v10mFvXtKjUqL+HCAKNXRcpdmsSeun6ky43LerEsnpf70j/AL/zMaowGlrnp/npKd3I2ttGpWWlh6zFRq5qXZUUWuxvr4AczLY2ztenhaZqVTc8gALs1uS9T7CdGdOmP2clQA1yAi62JIHmesjmO32wGGBWiO0I/wDrXu6cbsNPuZBd4d5quKY52ITkgPd/m+s+engJHsSTljXO2u/LWt8J7j/iS7hfw6ZLkqSeFyt0IA469bc5G8VvNjH+bEOL8kCr/aR3DH9mbcQquPNXZf0Ime+jXHC9x5HUfYiIy9cRjaxJBrVD/O0wsRtCsgzLVf1Yn9Z7IhY2UEk8AASfYTe7O3HxOKWwTICdWbkNPTrxIMmVxk5WbaijtKuy37Wo+VVYqzEgqQO8AdBa9jbzmfgNuV2OVUzjoAb/AN7yXn4e08OKfaM7nUGzWAW2i6AX/Nr4zoMK2BJ7IB6TEll0zAHXunw6f4msOZuM12w+BFWnUVlKZ6TXA01Uq4uP5TIRi9lYjChnR8yCwAvrroFtJrs6qrV3Bc5XovlsLjIUa7a6Bgy9Oc174MVQcOjgXQPTZtbOCQyN0vYG/LNN2JGZ8MMCmNNYYxS7plZe+4GU3BBVSL68785cFKkqKFUBQAAABYADQAAcBKX3EetgselPEJk7QMjNcFWB7yMG4fMAOXGXbOV37b4cxESBERA4nBa061KgUTBqZn46CWRLWq2tvQFoYp8OM9TDZwyuGAzKoc6aFhlNxa1+sx9lY3ENUdKrmor06dSm4UIpzZldFA5CytqSbPxM0W8Oz0TGZSzomJQu+RXfO9MKmRaagrfKym7BhpwFrz2OFFN6dbJ2C02LF6z56jplZchFyqJqDbNplHdEuhEd58VUOJdaqsvZk5L/AJlv3WB6eX/iRzEYm/OW1U2hhsaMlZEI1tmuD5q+hU+UjW2vh1e7YSrf9yrYHyWoO6fUDzkmUvit59LLD90sV3Ue88HeZm1tmVsO2SvTemeWYaH+FuDehM1pmmBjOjGdp0qW5SK6OZk7MwT1qi06alncgADqZjohJsOJlz7hbsrgqP4muMtV1uM2mROZN/lYjrwGmlyIG22XgqOysIcxFwM1R+bPyC9eNgPXnKt25tt8VUao5sOCJfRVvw8T1M2G+e864twlMnsqbGxP52ItnA6DUDzPWa/ZO7uJxI/ZUmK3+Zu6vuePpeVGtXxnSsl+EsrZfwwY2OIq26rT/wD03+BJlszdnCYa2RFzD8x1b+o6/eBRmyt3cU6Erh3y5KoJIy93KCps1j8wPKT3d/4cB0p1MQ51RSUWwHDQFuJ0twtrLG/FJqqAeIFvvNUm0Uoo6s6olNmXvEAAcQCTpoDAyMBsHDUFypTUA8dOPmeJ9Ztu1AW4BC8rDS3pNDgNrpiVD0nDISQGF7Eg5SQTxF+fgZttr1FSmovpcW8gD/4nm6smW78RrFD9/tqCyqr2Kmzcb8DwABLcR048ZCKm0HyWKk3BylrBiT8tlFyNTzMzN5to567W5AD14n9bekj9DFZ6qj8q6sb9PH/fCejpztwkYy5qT7Lw37GpYEFKaorDTR2XOPIhD7mc4LZv05QeZJF/c8eEje0d9mCNRoLcFlJYcO6G0Fhrcnj4TTYferEK3eNuo/yp0M33GqsA4oMCH7w0GvQEf2v7yzN1cWauFpsST8wueJCsVBPjYCUzQ2otZLi9x18TLY+HxvgaZ8an2qOP7TOVak4tSiIiYCa/HY4I9OmD3qjWHgACWPsDM8ysNu7xLR2oj1STSphkYLrbOoF2HhmB8iYFkOuuvpPJxOMNilqKHpMKiMLgg308/wCxmu2sXcFV+XmNbnz6+kmWXbNkx3Wn3k3sTDd1EZ3PBuCDwL8z4D3lf4nF4jHPZVdyNcigkDxPT1ll4XYGcXrcD+Tr/F/ibXDYNKS5KaKijkoAH2mscrZuwyk3wrPZW6uLbVlFMfvsL+y3kv2fseqgAate3EAXB8LHWSBp0sTwjtx3vXLp+v1Jj274+PLwfDIydm6h0PEOAwPodJEtrfDvB1bmmHosfoNx/Q1wPS0mZQcz7QG+kTTkqmp8J69zlxFPLyLK4PqBcfedKnwqdULNiU0HJGtfkCS39pa9TEIvE5m6f+BPB1eplUqQmYEk9BrYDxk0m0V3a3Ew2EZajs1aqLHW2RWtrlW2tjwJvyM67608ZiiuHw1IlG1qOSoXQ6KWbTjqeJ4aSbuii80mztoq5dl0VirAfxKL8PEQurrbR7o7hDDP2uJdKjW0RBdQepZgCxGttANZOTiQuigCa1q5PAe8jW3d5TSqrh6aGrWe1gWCKCdQC7cTa5soJtAltbHeM0e0t5qVJlVmUuxsqBu8Sf3RcgdSeAmhrYDEVFLYzFCknNMP3Rbo1Vu8fS00O8G0MJh8E4wSpmqsaWdQSW0BqNnOraG1wSLtGxtMLvRjMe7pg+zo0k0aqwLHW9si8ybX5aSMb6UOydKXaNiMS7g5nsQAQoULT+VSzG17E2U6yYbrYFcFgx2hCGxqVSeRI1B/hAA9JFNg2xGKr7RrDLTQsaebqBYH+VRc+J8JLdLptN6sd+GwtHDBkcnItTOxBKi5Z+6QwGexzDhabDDYypQwgFZ3dgCQruHK3sFp5x8w4a+JkWT/ANziFrVFVlKhrLZxkv3KdRHBAc6m6+OnOd9v7WztkHyrqfPhb019z0nGY92X5rVuo1m0MUbE3uzE6+J4n/fWavE1MqlL2FgahHj8qD/fKZD1FszsQMqnJfW7ctARz/vNZhRmIzajWo3iBynfLLUZxx7rJGTTod0F3FJDqqhczEfVlvoPEmd8VhRkDK4qKdA1rMrcQGFzYG3EeN7G09Ns7KZaNPEM92qWzKBwBGZba62A/SYGyyctQcrKfW857s5td52Zf0yff22e7GIVbmoQEHzXNtJdHwy21TrJVpU7gU2VhfmGFiQOI1Un1lWYH4c7R7XK2Gtc/Mz0yoB1zZgx/Qnwlw7l7oLgQzM+eq4AYjRQL3soOp15npwGs3XHdks9JbOZxOZEYG1toph6Zq1CQilAxHLM6rc+AzXPgDKc31qPR2jVVkzpUCut9PygEKTxPvy0MtPfHZv4jC1Kd7XFyOtvyn7e0jOH2B+MwlPPcV0RVdK17tkuqOWFmVioFnXjzvJvnTUlk3Kh2y8biMPT/EYN2WkWIZWsVBGliuuUXNgbEdLGSnZ3xKpkAYuiV6vS7w/iK3uPQsZFtrLWwlKphnQjOXCl7KbMveCMFCVFHHSx0GkhrIwIsbG9rP3TfwHEjxEarVyxvmPorZu8OGxH/wAfE03P0FgGHmrWYeome+IS3eZR/Mv+Z8yYltAHC8iHzPqOgH5vY2mdsrA06rhS76pf5XAL5iMiW8MurEa3mnKyen0DiNp4dPmrUx5un+Zr8TvPg0+bE0l83X/MqHH7sIjAJlqG+oViw/qGk3+xN2yKiuuDQINTdc593un6SiZ/+r8IzZKdUVW00pd/ibD5ZtKZNQBlNkIBBHFgR/pmDs/ZGS+ZVRTqUS1z/ERYDyHvPfaG06dFSzMqqouSbAAD9IGwpsiDuqPOY9XaIvqwlP7xfECvXLJhBkQGxqNa58g2g9dfKQ6risUTmNaox8KjX9Bf9I2afR/4pW0vodD5HQyL7vVMj1abfMhA9iwvINuVvY5cU6zZuQY8ffnJfiawTGByQFqUrkk2FxpxP8J95zyurK9PRndjlj/G59kkrYoKpY8ACTboJV+z9m46ti3xmRaRYtlNYElVIyrlQa5gunetxMkW099sJS0z9o300xm16Zvl+81Lbx4vEaUKK0FPBql2a3ggHHz0mrZPLzyW+Gp3vwTF6WH7apiMRUYElmsqL+7TXupfU31sFMwcJVDYlOzpPWo4ZctMLYKzjU1Hc91Qz3a56KJLdkbvZC71DepUBD1KxANiO8FS/dB9enDSbKm2HQAKr1ivAIAiD1I09FnK9X+2bdZ0rea02JwtfGWGIbLTvfsaNwCRwz1Dq3kBaZmM3bqGmFFRMNSHeAYDLcG4BublRYaakmdsdt/IPmpYdei95/6j/YiRrGbdpsbhHrN9VQ6ext/eJj1Mubwt7Mf5+jeY+vh6VI08KpeodCyIVFz8zAcbny9ZFcXhDTQvWIW3yrcFmPIWB7vmfbnPPFbarMPnWmvRAB9zYX9J6YTdbGYkg06Fep+84Kr5hqmVfadcZMZqOeW7do66khmYXJBt4dLDlPbZjKXUN8rIVPvrLI2R8JMSxviKqUlIOiEu17G19AoF7cCfTjNTtj4W46jfs1XEJe4NJgrDxyNa3oTF5mjG9tlQfEpVz9mxclCVVTmNh0VTwBsPtJhuFu8a+Jp0yL99atfmFpobhSerNYep6GZeyt0dqVSKeR6ajTNVIQAdNLs3kB7S3t092qeBpZFOZ2INRyLF2HDT8qjWy+J4kknPN8ulywxl7ebfwkM5iJpxIiIEP382u+FOHqIA3edSrAkEFRoQNTwv6Sn23orjFNXFRkrHiQR01W2qldPlOnDpLz3q2AMbRFMtkIYMrWzC9iCCtxcEE8+kqPercCvQBYL2iA6MnBRzzAC6+tx4wsm0q2T8RqNZeyx9JbGwLKpdTwHep2JXjyv6T2r7ibPxY7TB1+zHMIyuvqjar5XHlKbZHQ2IL21Oh4aHQkeXWc0Nogcyp4EXINu6LXA5gH/fGouCnu9snCo3bMamQXdndRfrZEZb+VifOYOF3s2KmiYWw69n+ubnMDbG6eDdVqUKWVaiLUpMt7DMuYAjgRrbzkHxmxit8rC1vlfutpwButj6Hnwmbde28MbfE2t3B/EbZtwiKykmwAp216aSQ0NsJVph6ZJUkjUWII5EdZ82uXRmsWUi17niDawAPHrbhp4S1tydolu4eFVQR0DrcaeBIYe0lzss34rvh0Z1MMtTVnP2TepiDKj+Jm3BWrDDIctOn3qpH5ntcL6D7k9JY+2MctCk7udERmPjYXA9Tp6yhCWqvdj3qrlmPW/eP6zdryyW2SMikilc9UlaYvkVbZj468B4zvRWg+ih6bH5CTdSejC3DxH3mTsXZ64pqudyiIosFtwuQpF9LC2vnNApOcWN7MLH10NuUxq3nb0TPGXtkln5ZtFilZW4G5zD94HWWZvFs8V8PQdixS2V8tgQDlYWJuOTcZX9XZdeoKlajSd0ptZyqlgpP1Aa20OvKZmE3kxGQU0dlTQBSzMNOAy6A+Etm4zhl+l1Lqb8xIdn7Oo0+9Sw5P77tZbX6k3Po3pPertxKdwaqKfoormP9Vr/AKzW4HdfaOM17OqVP5qpNNf6TYsPIGS3ZPwiaw/E4gAfTRX/AL3H/bJ2z3yt6tnEkiH4nea98lP+aqb+uXh9hMeh+NxmlNatQf8ASQhfV+A9SJdWy9xMBQsVw6uw1zVf2hv1Ae4B8gJJVUAWAAA4Aafaa+jnct83lSGzPhdjalmqdnQ6l2zt7LcH1aS/Zvwowqa16lSseYBFNfZO9/qlhxDO2q2Xu7hcN/wMPTQ/UFBb1c3Y+820RCEREBERAREQEREBOLTmIET3g3Gw2JBOXs3P5kGhP7ycD6WPjKt3j+HGIo3IXOg/NTGb+oWzL9x4y/YhdvmTZW8uNwq9nQrMqKT3HVHUEnUAMpyjnpNvT+IGIP8Ax8Lhao53QofdTb7S3sbuRgqpJNMqSSTlZgLnU2QkqPaaPE/CjCNqr1B5imR/pVT94Wa9VXY3swbX7TZ5W/Hs6gYeiuCB6Qm+SIo/CYUo4Bs9R82UfuqABe3hJdiPg/8ARiF8mpsPuHP6TAq/CXEtZe2oqo5jOTr+7l/vJqfDp+pnrXcrzaW1qtcEVnZgTe3K/Lx9Jr8O2VkJ4KSD6y6tk/CGijBsRWaqBfuIMgvyu2Ytpx0I9tJqt4vhC63bBVA4506tlb+VwMp9QPOXzNOcuspfhVeLwz0n52a+Ui9mF+vPxHWZVHBkEVGQr9KkG7NwBC8bX9zwkpwu5m1UORcPVUX+ujYeObNb9ZYm5nw+/DuMRi2FSsNVUXKo31XbVm6HQDkOczq3iuu+nL3Te/U+G4+Hu75wWDVHFqtQmpV8GYABfRQo8wes3lHZOHRzVShSWoeLhFDHzYC8zomnDZOYiAiIgIiICIiAiIgIiICIiAiIgIiICIiAiIgIiICIiAiIgIiICIiAiIgIiICIiAiIgIiICIiAiIgIiICIiAiIgIiICIiAiIgIiICIiAiIgIiICIiAiIgIiICIiAiIgIiICIiAiIgIiICIiAiIgIiICIiAiIgIiICIiAiIgIiICIiAiIgIiICIiAiIgIiICIiAiIgIiICIiAiIgIiICIiAiIgIiICIiAiIgf/Z\" alt=\"\" width=\"116\" height=\"116\" /></p>','https://aru0828practicebucket.s3.ap-northeast-2.amazonaws.com/b2d5d953c5eca98b0ca7b8818e798aa8','2021-07-22 15:15:13','2021-07-22 15:15:13',333,'4324324323'),(33,28,'test','<p>今天買了一<span style=\"font-size: 18pt;\">台車😛</span></p>\n<p><span style=\"color: #ba372a;\" data-darkreader-inline-color=\"\">yes&nbsp;</span></p>\n<p>&nbsp;</p>\n<p>&nbsp;</p>','https://aru0828practicebucket.s3.ap-northeast-2.amazonaws.com/6ba37d7f938d045add11b0d34aaf8cb4','2021-07-23 11:24:29','2021-07-23 14:51:58',333,'摘要'),(35,32,'test','<p>Hello, World!</p>','https://aru0828practicebucket.s3.ap-northeast-2.amazonaws.com/e9af6352d808e53a90ee78acb61da871','2021-07-24 07:55:06','2021-07-24 07:55:06',1,'est');
/*!40000 ALTER TABLE `articles` ENABLE KEYS */;
UNLOCK TABLES;

--
-- Table structure for table `comment_likes`
--

DROP TABLE IF EXISTS `comment_likes`;
/*!40101 SET @saved_cs_client     = @@character_set_client */;
/*!50503 SET character_set_client = utf8mb4 */;
CREATE TABLE `comment_likes` (
  `id` int NOT NULL AUTO_INCREMENT,
  `comment_id` int NOT NULL,
  `user_id` int NOT NULL,
  PRIMARY KEY (`id`),
  KEY `comment_id` (`comment_id`),
  KEY `user_id` (`user_id`),
  CONSTRAINT `comment_likes_ibfk_1` FOREIGN KEY (`comment_id`) REFERENCES `comments` (`comment_id`) ON DELETE CASCADE,
  CONSTRAINT `comment_likes_ibfk_2` FOREIGN KEY (`user_id`) REFERENCES `users` (`user_id`) ON DELETE CASCADE
) ENGINE=InnoDB AUTO_INCREMENT=84 DEFAULT CHARSET=utf8mb4 COLLATE=utf8mb4_0900_ai_ci;
/*!40101 SET character_set_client = @saved_cs_client */;

--
-- Dumping data for table `comment_likes`
--

LOCK TABLES `comment_likes` WRITE;
/*!40000 ALTER TABLE `comment_likes` DISABLE KEYS */;
INSERT INTO `comment_likes` VALUES (4,30,18),(6,17,28),(7,31,18),(17,34,18),(18,35,18),(19,36,18),(24,35,28),(28,33,28),(30,32,28),(33,38,28),(52,31,21),(55,37,21),(56,32,21),(60,48,28),(61,50,28),(62,51,28),(66,56,21),(69,60,28),(73,64,28),(76,41,28),(77,42,28),(78,43,28),(79,46,28);
/*!40000 ALTER TABLE `comment_likes` ENABLE KEYS */;
UNLOCK TABLES;

--
-- Table structure for table `comments`
--

DROP TABLE IF EXISTS `comments`;
/*!40101 SET @saved_cs_client     = @@character_set_client */;
/*!50503 SET character_set_client = utf8mb4 */;
CREATE TABLE `comments` (
  `comment_id` int NOT NULL AUTO_INCREMENT,
  `user_id` int NOT NULL,
  `article_id` int NOT NULL,
  `parent` int DEFAULT NULL,
  `comment` varchar(255) NOT NULL,
  `create_time` timestamp NULL DEFAULT CURRENT_TIMESTAMP,
  `update_time` timestamp NULL DEFAULT CURRENT_TIMESTAMP ON UPDATE CURRENT_TIMESTAMP,
  PRIMARY KEY (`comment_id`),
  KEY `user_id` (`user_id`),
  KEY `article_id` (`article_id`),
  CONSTRAINT `comments_ibfk_1` FOREIGN KEY (`user_id`) REFERENCES `users` (`user_id`) ON DELETE CASCADE,
  CONSTRAINT `comments_ibfk_2` FOREIGN KEY (`article_id`) REFERENCES `articles` (`article_id`) ON DELETE CASCADE
) ENGINE=InnoDB AUTO_INCREMENT=78 DEFAULT CHARSET=utf8mb4 COLLATE=utf8mb4_0900_ai_ci;
/*!40101 SET character_set_client = @saved_cs_client */;

--
-- Dumping data for table `comments`
--

LOCK TABLES `comments` WRITE;
/*!40000 ALTER TABLE `comments` DISABLE KEYS */;
INSERT INTO `comments` VALUES (1,28,6,NULL,'讚啦','2021-07-14 05:22:11','2021-07-14 05:22:11'),(2,28,1,NULL,'看起來不錯','2021-07-14 06:35:32','2021-07-14 06:35:32'),(3,28,1,NULL,'第一層留言測試','2021-07-14 07:02:16','2021-07-14 07:02:16'),(4,18,1,NULL,'換帳號測試','2021-07-14 07:03:26','2021-07-14 07:03:26'),(5,28,4,NULL,'留言冊是','2021-07-14 10:37:41','2021-07-14 10:37:41'),(6,28,4,NULL,'測試','2021-07-14 10:41:04','2021-07-14 10:41:04'),(7,28,3,NULL,'3測試','2021-07-14 10:41:40','2021-07-14 10:41:40'),(8,28,3,NULL,'undefined','2021-07-14 11:01:37','2021-07-14 11:01:37'),(9,28,1,NULL,'天起真好','2021-07-14 11:01:56','2021-07-14 11:01:56'),(10,28,2,NULL,'eqwewq','2021-07-14 11:02:28','2021-07-14 11:02:28'),(11,28,1,NULL,'ewqeqw','2021-07-14 11:03:30','2021-07-14 11:03:30'),(12,28,2,NULL,'test','2021-07-14 11:03:50','2021-07-14 11:03:50'),(13,28,2,NULL,'test','2021-07-14 11:04:20','2021-07-14 11:04:20'),(14,28,1,NULL,'test','2021-07-14 11:05:14','2021-07-14 11:05:14'),(15,28,1,NULL,'test','2021-07-14 11:14:06','2021-07-14 11:14:06'),(16,28,1,3,'第二層留言測試','2021-07-15 05:16:14','2021-07-15 05:16:14'),(17,28,21,NULL,'看起來不錯耶','2021-07-15 11:20:20','2021-07-15 11:20:20'),(18,28,21,17,'對阿 看起來不錯','2021-07-15 12:32:42','2021-07-15 12:32:42'),(19,18,21,NULL,'感謝分享!','2021-07-15 12:41:01','2021-07-15 12:41:01'),(20,18,21,18,'不客氣','2021-07-15 13:00:46','2021-07-15 13:00:46'),(21,28,21,NULL,'再留一次','2021-07-15 14:14:59','2021-07-15 14:14:59'),(22,28,21,NULL,'再留一次2','2021-07-15 14:19:07','2021-07-15 14:19:07'),(23,28,21,NULL,'再留一次3','2021-07-15 14:20:18','2021-07-15 14:20:18'),(24,28,21,NULL,'再留一次4','2021-07-15 14:22:48','2021-07-15 14:22:48'),(25,28,21,NULL,'再留一次5','2021-07-15 14:44:37','2021-07-15 14:44:37'),(26,28,21,NULL,'再留一次6','2021-07-15 14:52:48','2021-07-15 14:52:48'),(27,28,21,NULL,'再留一次7','2021-07-15 14:58:28','2021-07-15 14:58:28'),(28,28,21,NULL,'再留一次8','2021-07-15 14:58:40','2021-07-15 14:58:40'),(29,28,21,NULL,'再留一次9','2021-07-15 15:27:53','2021-07-15 15:27:53'),(30,28,21,NULL,'不客氣喔','2021-07-15 15:38:34','2021-07-15 15:38:34'),(31,28,21,NULL,'再留一次10','2021-07-15 15:52:57','2021-07-15 15:52:57'),(32,28,21,31,'第二層','2021-07-15 15:53:11','2021-07-15 15:53:11'),(33,28,21,31,'第二層','2021-07-16 03:29:25','2021-07-16 03:29:25'),(34,28,21,31,'第二層2','2021-07-16 05:13:08','2021-07-16 05:13:08'),(35,28,21,34,'第三層','2021-07-16 06:03:17','2021-07-16 06:03:17'),(36,28,21,20,'讚啦','2021-07-16 06:04:41','2021-07-16 06:04:41'),(37,28,21,31,'TEST','2021-07-17 09:07:13','2021-07-17 09:07:13'),(38,28,21,37,'TEST2','2021-07-17 09:07:26','2021-07-17 09:07:26'),(39,28,21,NULL,'test2','2021-07-17 12:18:46','2021-07-17 12:18:46'),(40,28,21,31,'test2','2021-07-17 12:19:37','2021-07-17 12:19:37'),(41,28,20,NULL,'id20 第一層','2021-07-17 14:05:34','2021-07-17 14:05:34'),(42,28,20,NULL,'20 第一層','2021-07-17 14:07:11','2021-07-17 14:07:11'),(43,28,20,NULL,'20 第一層1','2021-07-17 14:08:56','2021-07-17 14:08:56'),(44,28,20,43,'第二層','2021-07-17 14:10:29','2021-07-17 14:10:29'),(45,28,20,44,'第三層','2021-07-17 14:11:22','2021-07-17 14:11:22'),(46,28,20,NULL,'第一層','2021-07-17 14:17:29','2021-07-17 14:17:29'),(47,28,20,46,'第二層','2021-07-17 14:17:37','2021-07-17 14:17:37'),(48,28,20,47,'第三層','2021-07-17 14:17:42','2021-07-17 14:17:42'),(49,28,20,48,'第四層','2021-07-17 14:17:49','2021-07-17 14:17:49'),(50,28,19,NULL,'第一層','2021-07-17 14:23:10','2021-07-17 14:23:10'),(51,28,19,50,'第二層','2021-07-17 14:23:18','2021-07-17 14:23:18'),(52,28,19,51,'第三層','2021-07-17 14:23:23','2021-07-17 14:23:23'),(53,28,1,NULL,'test','2021-07-18 09:12:09','2021-07-18 09:12:09'),(54,28,4,NULL,'test','2021-07-18 09:15:45','2021-07-18 09:15:45'),(55,28,21,NULL,'12333','2021-07-18 17:25:52','2021-07-18 17:25:52'),(56,21,18,NULL,'test','2021-07-18 17:41:55','2021-07-18 17:41:55'),(57,21,18,56,'test','2021-07-18 17:42:00','2021-07-18 17:42:00'),(58,28,10,NULL,'test','2021-07-18 17:49:40','2021-07-18 17:49:40'),(59,28,22,NULL,'test','2021-07-18 17:55:06','2021-07-18 17:55:06'),(60,28,4,NULL,'0719test','2021-07-18 17:55:28','2021-07-18 17:55:28'),(61,28,4,60,'2222test','2021-07-18 17:55:39','2021-07-18 17:55:39'),(62,28,4,61,'ya','2021-07-18 17:55:45','2021-07-18 17:55:45'),(63,28,4,62,'test','2021-07-18 17:56:05','2021-07-18 17:56:05'),(64,30,23,NULL,'test','2021-07-18 17:59:11','2021-07-18 17:59:11'),(65,28,4,NULL,'test','2021-07-19 02:21:34','2021-07-19 02:21:34'),(70,28,1,NULL,'ya','2021-07-19 03:25:52','2021-07-19 03:25:52'),(72,28,1,NULL,'test0416','2021-07-21 08:17:03','2021-07-21 08:17:03'),(75,28,23,NULL,'test2','2021-07-23 07:38:18','2021-07-23 07:38:18'),(76,28,33,NULL,'test','2021-07-23 15:17:34','2021-07-23 15:17:34'),(77,28,33,76,'test','2021-07-23 15:26:57','2021-07-23 15:26:57');
/*!40000 ALTER TABLE `comments` ENABLE KEYS */;
UNLOCK TABLES;

--
-- Table structure for table `follows`
--

DROP TABLE IF EXISTS `follows`;
/*!40101 SET @saved_cs_client     = @@character_set_client */;
/*!50503 SET character_set_client = utf8mb4 */;
CREATE TABLE `follows` (
  `id` int NOT NULL AUTO_INCREMENT,
  `user_id` int NOT NULL,
  `follow` int NOT NULL,
  PRIMARY KEY (`id`),
  UNIQUE KEY `userFollow` (`user_id`,`follow`),
  KEY `follow` (`follow`),
  CONSTRAINT `follows_ibfk_1` FOREIGN KEY (`user_id`) REFERENCES `users` (`user_id`) ON DELETE CASCADE,
  CONSTRAINT `follows_ibfk_2` FOREIGN KEY (`follow`) REFERENCES `users` (`user_id`) ON DELETE CASCADE
) ENGINE=InnoDB AUTO_INCREMENT=17 DEFAULT CHARSET=utf8mb4 COLLATE=utf8mb4_0900_ai_ci;
/*!40101 SET character_set_client = @saved_cs_client */;

--
-- Dumping data for table `follows`
--

LOCK TABLES `follows` WRITE;
/*!40000 ALTER TABLE `follows` DISABLE KEYS */;
INSERT INTO `follows` VALUES (13,28,30);
/*!40000 ALTER TABLE `follows` ENABLE KEYS */;
UNLOCK TABLES;

--
-- Table structure for table `tags`
--

DROP TABLE IF EXISTS `tags`;
/*!40101 SET @saved_cs_client     = @@character_set_client */;
/*!50503 SET character_set_client = utf8mb4 */;
CREATE TABLE `tags` (
  `tag_id` int NOT NULL AUTO_INCREMENT,
  `tag` varchar(255) NOT NULL,
  PRIMARY KEY (`tag_id`),
  UNIQUE KEY `tag` (`tag`)
) ENGINE=InnoDB AUTO_INCREMENT=8 DEFAULT CHARSET=utf8mb4 COLLATE=utf8mb4_0900_ai_ci;
/*!40101 SET character_set_client = @saved_cs_client */;

--
-- Dumping data for table `tags`
--

LOCK TABLES `tags` WRITE;
/*!40000 ALTER TABLE `tags` DISABLE KEYS */;
INSERT INTO `tags` VALUES (1,'Tomica'),(5,'公仔'),(7,'動漫'),(4,'模型車'),(6,'航海王'),(2,'郵票'),(3,'錢幣');
/*!40000 ALTER TABLE `tags` ENABLE KEYS */;
UNLOCK TABLES;

--
-- Table structure for table `users`
--

DROP TABLE IF EXISTS `users`;
/*!40101 SET @saved_cs_client     = @@character_set_client */;
/*!50503 SET character_set_client = utf8mb4 */;
CREATE TABLE `users` (
  `user_id` int NOT NULL AUTO_INCREMENT,
  `email` varchar(255) NOT NULL,
  `password` varchar(255) DEFAULT NULL,
  `username` varchar(255) NOT NULL,
  `description` varchar(255) DEFAULT NULL,
  `avatar` varchar(255) DEFAULT NULL,
  `source` varchar(255) DEFAULT 'local',
  PRIMARY KEY (`user_id`),
  UNIQUE KEY `emailSource` (`email`,`source`)
) ENGINE=InnoDB AUTO_INCREMENT=33 DEFAULT CHARSET=utf8mb4 COLLATE=utf8mb4_0900_ai_ci;
/*!40101 SET character_set_client = @saved_cs_client */;

--
-- Dumping data for table `users`
--

LOCK TABLES `users` WRITE;
/*!40000 ALTER TABLE `users` DISABLE KEYS */;
INSERT INTO `users` VALUES (1,'test@yahoo.com.tw','test','aru','大家好 我是aru',NULL,NULL),(2,'test1@yahoo.com.tw','test','LIN','大家好',NULL,NULL),(3,'test2@yahoo.com.tw','test','chen','大家好',NULL,NULL),(4,'test3@yahoo.com.tw','test','peng','大家好',NULL,NULL),(5,'test4@yahoo.com.tw','test','Wang','大家好',NULL,NULL),(6,'test5@yahoo.com.tw','test','Lee','大家好',NULL,NULL),(7,'123','$2b$10$1XJqk.DbgM2pd/qjEwL6l.k8Nm0i28cNgKGV15RACcePvUNbQbE4G','ewqewq',NULL,NULL,NULL),(8,'123','$2b$10$MRCa.97V4guPZM9x6a/mvu9zDV5c4YXJozaElvhwaA0BoI5yaSRlm','123',NULL,NULL,NULL),(9,'123','123','aru',NULL,NULL,NULL),(10,'123','123','aru',NULL,NULL,NULL),(11,'123','123','aru',NULL,NULL,'local'),(15,'1234','$2b$10$8MxcIJr28o2bM1tAxTxeYu8Dttqv/jiuHu/sSy/wrpufm4VWYpyN6','123',NULL,NULL,'local'),(17,'12','$2b$10$qhuk35V41qjO3ZvINsng1OQA4mFn7V0m6Q5P/0ioaQnmdVzcenqZe','123',NULL,NULL,'local'),(18,'12345','$2b$10$YEv8dKeassMYUfqfzQqmUON0Gybglw6BPO8TlBhFhAxvKNPc40XNW','123test','',NULL,'local'),(21,'a0910288060@gmail.com',NULL,'林威儒',NULL,'https://lh3.googleusercontent.com/a/AATXAJzEfmaKrkMGShzwYDv8nixCyyyWHd9wDi7Iig6a=s96-c','google'),(28,'loltestting@gmail.com',NULL,'林北江eeewq','ggggggggggg','https://aru0828practicebucket.s3.ap-northeast-2.amazonaws.com/f235b62ee770e3432aa840a20ebc00e2','google'),(29,'wuyang1207@gmail.com',NULL,'Yang Wu',NULL,'https://lh3.googleusercontent.com/a-/AOh14GiIJVfFltkVk93h36VIp8n5qlzvQJttJZTGtr4E=s96-c','google'),(30,'0719test','$2b$10$iUoz8kCVqjuSSEtizcXWgOWKzRiKvCljmvTeEk.D0yQbNSx1Jzs0S','gg',NULL,NULL,'local'),(31,'test0724@gmail.com.tw','$2b$10$RJe8WjLr1fwAENHCy6jBFe8V1j3FfuzqDj4X9UpmcsmSFVCAf3h8K','test0724',NULL,NULL,'local'),(32,'test0725@yahoo.com.tw','$2b$10$EPbAtdBDs566Xkc53EbMQesA/3KouMHXLzwq80HZrcdmSWMjPtgnu','test0725',NULL,NULL,'local');
/*!40000 ALTER TABLE `users` ENABLE KEYS */;
UNLOCK TABLES;
/*!40103 SET TIME_ZONE=@OLD_TIME_ZONE */;

/*!40101 SET SQL_MODE=@OLD_SQL_MODE */;
/*!40014 SET FOREIGN_KEY_CHECKS=@OLD_FOREIGN_KEY_CHECKS */;
/*!40014 SET UNIQUE_CHECKS=@OLD_UNIQUE_CHECKS */;
/*!40101 SET CHARACTER_SET_CLIENT=@OLD_CHARACTER_SET_CLIENT */;
/*!40101 SET CHARACTER_SET_RESULTS=@OLD_CHARACTER_SET_RESULTS */;
/*!40101 SET COLLATION_CONNECTION=@OLD_COLLATION_CONNECTION */;
/*!40111 SET SQL_NOTES=@OLD_SQL_NOTES */;

-- Dump completed on 2021-07-24 23:34:37
